
CREATE TABLE databasechangelog (
    id character varying(255) NOT NULL,
    author character varying(255) NOT NULL,
    filename character varying(255) NOT NULL,
    dateexecuted timestamp without time zone NOT NULL,
    orderexecuted integer NOT NULL,
    exectype character varying(10) NOT NULL,
    md5sum character varying(35),
    description character varying(255),
    comments character varying(255),
    tag character varying(255),
    liquibase character varying(20),
    contexts character varying(255),
    labels character varying(255)
);


CREATE TABLE databasechangeloglock (
    id integer NOT NULL,
    locked boolean NOT NULL,
    lockgranted timestamp without time zone,
    lockedby character varying(255)
);



CREATE SEQUENCE hibernate_sequence
    START WITH 1000
    INCREMENT BY 1
    NO MINVALUE
    NO MAXVALUE
    CACHE 1;


CREATE TABLE jhi_authority (
    name character varying(50) NOT NULL
);


CREATE TABLE jhi_persistent_audit_event (
    event_id bigint NOT NULL,
    principal character varying(255) NOT NULL,
    event_date timestamp without time zone,
    event_type character varying(255)
);



CREATE SEQUENCE jhi_persistent_audit_event_event_id_seq
    START WITH 1
    INCREMENT BY 1
    NO MINVALUE
    NO MAXVALUE
    CACHE 1;

ALTER SEQUENCE jhi_persistent_audit_event_event_id_seq OWNED BY jhi_persistent_audit_event.event_id;


CREATE TABLE jhi_persistent_audit_evt_data (
    event_id bigint NOT NULL,
    name character varying(255) NOT NULL,
    value character varying(255)
);

CREATE TABLE jhi_persistent_token (
    series character varying(255) NOT NULL,
    user_id bigint,
    token_value character varying(255) NOT NULL,
    token_date date,
    ip_address character varying(39),
    user_agent character varying(255)
);

CREATE TABLE jhi_social_user_connection (
    id bigint NOT NULL,
    user_id character varying(255) NOT NULL,
    provider_id character varying(255) NOT NULL,
    provider_user_id character varying(255) NOT NULL,
    rank bigint NOT NULL,
    display_name character varying(255),
    profile_url character varying(255),
    image_url character varying(255),
    access_token character varying(255) NOT NULL,
    secret character varying(255),
    refresh_token character varying(255),
    expire_time bigint
);


CREATE TABLE jhi_user (
    id bigint NOT NULL,
    login character varying(100) NOT NULL,
    password_hash character varying(60),
    first_name character varying(50),
    last_name character varying(50),
    email character varying(100),
    activated boolean NOT NULL,
    lang_key character varying(5),
    activation_key character varying(20),
    reset_key character varying(20),
    created_by character varying(50) NOT NULL,
    created_date timestamp without time zone NOT NULL,
    reset_date timestamp without time zone,
    last_modified_by character varying(50),
    last_modified_date timestamp without time zone
);


CREATE TABLE jhi_user_authority (
    user_id bigint NOT NULL,
    authority_name character varying(50) NOT NULL
);


CREATE TABLE link (
    id bigint NOT NULL,
    creation_date timestamp without time zone NOT NULL,
    description character varying(255),
    domain character varying(255) NOT NULL,
    locked boolean,
    note integer,
    read boolean,
    title character varying(255),
    url character varying(255) NOT NULL,
    user_id bigint,
    original_url text
);

CREATE TABLE link_tag (
    tags_id bigint NOT NULL,
    links_id bigint NOT NULL
);


CREATE TABLE tag (
    id bigint NOT NULL,
    label character varying(255) NOT NULL
);




ALTER TABLE ONLY jhi_persistent_audit_event ALTER COLUMN event_id SET DEFAULT nextval('jhi_persistent_audit_event_event_id_seq'::regclass);

SELECT pg_catalog.setval('hibernate_sequence', 1018, true);



SELECT pg_catalog.setval('jhi_persistent_audit_event_event_id_seq', 2, true);

ALTER TABLE ONLY jhi_persistent_audit_evt_data
    ADD CONSTRAINT jhi_persistent_audit_evt_data_pkey PRIMARY KEY (event_id, name);


ALTER TABLE ONLY jhi_user_authority
    ADD CONSTRAINT jhi_user_authority_pkey PRIMARY KEY (user_id, authority_name);


ALTER TABLE ONLY jhi_user
    ADD CONSTRAINT jhi_user_email_key UNIQUE (email);


ALTER TABLE ONLY jhi_user
    ADD CONSTRAINT jhi_user_login_key UNIQUE (login);

ALTER TABLE ONLY link_tag
    ADD CONSTRAINT link_tag_pkey PRIMARY KEY (links_id, tags_id);


ALTER TABLE ONLY databasechangeloglock
    ADD CONSTRAINT pk_databasechangeloglock PRIMARY KEY (id);


ALTER TABLE ONLY jhi_authority
    ADD CONSTRAINT pk_jhi_authority PRIMARY KEY (name);


ALTER TABLE ONLY jhi_persistent_audit_event
    ADD CONSTRAINT pk_jhi_persistent_audit_event PRIMARY KEY (event_id);


ALTER TABLE ONLY jhi_persistent_token
    ADD CONSTRAINT pk_jhi_persistent_token PRIMARY KEY (series);


ALTER TABLE ONLY jhi_social_user_connection
    ADD CONSTRAINT pk_jhi_social_user_connection PRIMARY KEY (id);


ALTER TABLE ONLY jhi_user
    ADD CONSTRAINT pk_jhi_user PRIMARY KEY (id);


ALTER TABLE ONLY link
    ADD CONSTRAINT pk_link PRIMARY KEY (id);

ALTER TABLE ONLY tag
    ADD CONSTRAINT pk_tag PRIMARY KEY (id);

CREATE INDEX idx_persistent_audit_event ON jhi_persistent_audit_event USING btree (principal, event_date);


CREATE INDEX idx_persistent_audit_evt_data ON jhi_persistent_audit_evt_data USING btree (event_id);

CREATE UNIQUE INDEX idx_user_email ON jhi_user USING btree (email);


CREATE UNIQUE INDEX idx_user_login ON jhi_user USING btree (login);

ALTER TABLE ONLY jhi_user_authority
    ADD CONSTRAINT fk_authority_name FOREIGN KEY (authority_name) REFERENCES jhi_authority(name);


ALTER TABLE ONLY jhi_persistent_audit_evt_data
    ADD CONSTRAINT fk_evt_pers_audit_evt_data FOREIGN KEY (event_id) REFERENCES jhi_persistent_audit_event(event_id);

ALTER TABLE ONLY link_tag
    ADD CONSTRAINT fk_link_tag_link_id FOREIGN KEY (tags_id) REFERENCES tag(id);


ALTER TABLE ONLY link_tag
    ADD CONSTRAINT fk_link_tag_tag_id FOREIGN KEY (links_id) REFERENCES link(id);


ALTER TABLE ONLY link
    ADD CONSTRAINT fk_link_user_id FOREIGN KEY (user_id) REFERENCES jhi_user(id);

ALTER TABLE ONLY jhi_user_authority
    ADD CONSTRAINT fk_user_id FOREIGN KEY (user_id) REFERENCES jhi_user(id);

ALTER TABLE ONLY jhi_persistent_token
    ADD CONSTRAINT fk_user_persistent_token FOREIGN KEY (user_id) REFERENCES jhi_user(id);













INSERT INTO jhi_authority ("name")
     VALUES ('ROLE_ADMIN');INSERT INTO jhi_authority ("name")
     VALUES ('ROLE_USER');




     INSERT INTO databasechangelog (id,
                               author,
                               filename,
                               dateexecuted,
                               orderexecuted,
                               exectype,
                               md5sum,
                               description,
                               comments,
                               tag,
                               liquibase,
                               contexts,
                               labels)
        VALUES (
                  '00000000000000',
                  'jhipster',
                  'classpath:config/liquibase/changelog/00000000000000_initial_schema.xml',
                  TO_TIMESTAMP ('02/19/2016 01:17:49.913',
                                'MM/DD/YYYY fmHH24fm:MI:SS.FF'),
                  1,
                  'EXECUTED',
                  '7:eda8cd7fd15284e6128be97bd8edea82',
                  'createSequence',
                  NULL,
                  NULL,
                  '3.4.2',
                  NULL,
                  NULL);INSERT INTO databasechangelog (id,
                               author,
                               filename,
                               dateexecuted,
                               orderexecuted,
                               exectype,
                               md5sum,
                               description,
                               comments,
                               tag,
                               liquibase,
                               contexts,
                               labels)
        VALUES (
                  '00000000000001',
                  'jhipster',
                  'classpath:config/liquibase/changelog/00000000000000_initial_schema.xml',
                  TO_TIMESTAMP ('02/19/2016 01:17:50.44',
                                'MM/DD/YYYY fmHH24fm:MI:SS.FF'),
                  2,
                  'EXECUTED',
                  '7:a486c0c318ff0401b0ca1bcb5b5811bc',
                  'createTable, createIndex (x2), createTable (x2), addPrimaryKey, createTable, addForeignKeyConstraint (x3), loadData, dropDefaultValue, loadData (x2), createTable (x2), addPrimaryKey, createIndex (x2), addForeignKeyConstraint, createTable, addUniqu...',
                  NULL,
                  NULL,
                  '3.4.2',
                  NULL,
                  NULL);INSERT INTO databasechangelog (id,
                               author,
                               filename,
                               dateexecuted,
                               orderexecuted,
                               exectype,
                               md5sum,
                               description,
                               comments,
                               tag,
                               liquibase,
                               contexts,
                               labels)
        VALUES (
                  '20160219003132',
                  'jhipster',
                  'classpath:config/liquibase/changelog/20160219003132_added_entity_Tag.xml',
                  TO_TIMESTAMP ('02/19/2016 01:45:25.731',
                                'MM/DD/YYYY fmHH24fm:MI:SS.FF'),
                  3,
                  'EXECUTED',
                  '7:1c8eb89b31d9f721885d1aa6556375eb',
                  'createTable',
                  NULL,
                  NULL,
                  '3.4.2',
                  NULL,
                  NULL);INSERT INTO databasechangelog (id,
                               author,
                               filename,
                               dateexecuted,
                               orderexecuted,
                               exectype,
                               md5sum,
                               description,
                               comments,
                               tag,
                               liquibase,
                               contexts,
                               labels)
        VALUES (
                  '20160219003457',
                  'jhipster',
                  'classpath:config/liquibase/changelog/20160219003457_added_entity_Link.xml',
                  TO_TIMESTAMP ('02/19/2016 01:45:25.753',
                                'MM/DD/YYYY fmHH24fm:MI:SS.FF'),
                  4,
                  'EXECUTED',
                  '7:690a23b788f6ac3411c30efea5d45bbf',
                  'createTable, dropDefaultValue, addForeignKeyConstraint',
                  NULL,
                  NULL,
                  '3.4.2',
                  NULL,
                  NULL);INSERT INTO databasechangelog (id,
                               author,
                               filename,
                               dateexecuted,
                               orderexecuted,
                               exectype,
                               md5sum,
                               description,
                               comments,
                               tag,
                               liquibase,
                               contexts,
                               labels)
        VALUES (
                  '1455842275818-1',
                  'alexisparis (generated)',
                  'classpath:config/liquibase/changelog/20160219003752_changelog.xml',
                  TO_TIMESTAMP ('02/19/2016 01:45:25.760',
                                'MM/DD/YYYY fmHH24fm:MI:SS.FF'),
                  5,
                  'EXECUTED',
                  '7:9ce370bd09cb4c15cdca559f38d32bba',
                  'dropUniqueConstraint',
                  NULL,
                  NULL,
                  '3.4.2',
                  NULL,
                  NULL);INSERT INTO databasechangelog (id,
                               author,
                               filename,
                               dateexecuted,
                               orderexecuted,
                               exectype,
                               md5sum,
                               description,
                               comments,
                               tag,
                               liquibase,
                               contexts,
                               labels)
        VALUES (
                  '1455842275818-2',
                  'alexisparis (generated)',
                  'classpath:config/liquibase/changelog/20160219003752_changelog.xml',
                  TO_TIMESTAMP ('02/19/2016 01:45:25.762',
                                'MM/DD/YYYY fmHH24fm:MI:SS.FF'),
                  6,
                  'EXECUTED',
                  '7:6e09f53f6fc98ff379f503f5d3d2f09d',
                  'dropUniqueConstraint',
                  NULL,
                  NULL,
                  '3.4.2',
                  NULL,
                  NULL);INSERT INTO databasechangelog (id,
                               author,
                               filename,
                               dateexecuted,
                               orderexecuted,
                               exectype,
                               md5sum,
                               description,
                               comments,
                               tag,
                               liquibase,
                               contexts,
                               labels)
        VALUES (
                  '1455842275818-3',
                  'alexisparis (generated)',
                  'classpath:config/liquibase/changelog/20160219003752_changelog.xml',
                  TO_TIMESTAMP ('02/19/2016 01:45:25.766',
                                'MM/DD/YYYY fmHH24fm:MI:SS.FF'),
                  7,
                  'EXECUTED',
                  '7:e05c60f6473af493c91c8e6a69e6b226',
                  'dropSequence',
                  NULL,
                  NULL,
                  '3.4.2',
                  NULL,
                  NULL);INSERT INTO databasechangelog (id,
                               author,
                               filename,
                               dateexecuted,
                               orderexecuted,
                               exectype,
                               md5sum,
                               description,
                               comments,
                               tag,
                               liquibase,
                               contexts,
                               labels)
        VALUES (
                  '1455842275818-4',
                  'alexisparis (generated)',
                  'classpath:config/liquibase/changelog/20160219003752_changelog.xml',
                  TO_TIMESTAMP ('02/19/2016 01:45:25.769',
                                'MM/DD/YYYY fmHH24fm:MI:SS.FF'),
                  8,
                  'EXECUTED',
                  '7:9b82305702577a021a7324fd4f43c08c',
                  'dropSequence',
                  NULL,
                  NULL,
                  '3.4.2',
                  NULL,
                  NULL);INSERT INTO databasechangelog (id,
                               author,
                               filename,
                               dateexecuted,
                               orderexecuted,
                               exectype,
                               md5sum,
                               description,
                               comments,
                               tag,
                               liquibase,
                               contexts,
                               labels)
        VALUES (
                  '1455842275818-5',
                  'alexisparis (generated)',
                  'classpath:config/liquibase/changelog/20160219003752_changelog.xml',
                  TO_TIMESTAMP ('02/19/2016 01:45:25.773',
                                'MM/DD/YYYY fmHH24fm:MI:SS.FF'),
                  9,
                  'EXECUTED',
                  '7:4f3d5b4baab790680320866073ada444',
                  'dropSequence',
                  NULL,
                  NULL,
                  '3.4.2',
                  NULL,
                  NULL);INSERT INTO databasechangelog (id,
                               author,
                               filename,
                               dateexecuted,
                               orderexecuted,
                               exectype,
                               md5sum,
                               description,
                               comments,
                               tag,
                               liquibase,
                               contexts,
                               labels)
        VALUES (
                  '1455907672777-1',
                  'alexisparis (generated)',
                  'classpath:config/liquibase/changelog/20160219184749_changelog.xml',
                  TO_TIMESTAMP ('02/19/2016 19:49:09.347',
                                'MM/DD/YYYY fmHH24fm:MI:SS.FF'),
                  10,
                  'EXECUTED',
                  '7:d06d5925f52737e8bbf1bf97e2d41c03',
                  'createTable',
                  NULL,
                  NULL,
                  '3.4.2',
                  NULL,
                  NULL);INSERT INTO databasechangelog (id,
                               author,
                               filename,
                               dateexecuted,
                               orderexecuted,
                               exectype,
                               md5sum,
                               description,
                               comments,
                               tag,
                               liquibase,
                               contexts,
                               labels)
        VALUES (
                  '1455907672777-2',
                  'alexisparis (generated)',
                  'classpath:config/liquibase/changelog/20160219184749_changelog.xml',
                  TO_TIMESTAMP ('02/19/2016 19:49:09.355',
                                'MM/DD/YYYY fmHH24fm:MI:SS.FF'),
                  11,
                  'EXECUTED',
                  '7:5ce957c1635ee5682c7fe3d1ee4cfa78',
                  'addPrimaryKey',
                  NULL,
                  NULL,
                  '3.4.2',
                  NULL,
                  NULL);INSERT INTO databasechangelog (id,
                               author,
                               filename,
                               dateexecuted,
                               orderexecuted,
                               exectype,
                               md5sum,
                               description,
                               comments,
                               tag,
                               liquibase,
                               contexts,
                               labels)
        VALUES (
                  '1455907672777-3',
                  'alexisparis (generated)',
                  'classpath:config/liquibase/changelog/20160219184749_changelog.xml',
                  TO_TIMESTAMP ('02/19/2016 19:49:09.359',
                                'MM/DD/YYYY fmHH24fm:MI:SS.FF'),
                  12,
                  'EXECUTED',
                  '7:86ff4a81c837bba72ab54fe58c3aba92',
                  'addUniqueConstraint',
                  NULL,
                  NULL,
                  '3.4.2',
                  NULL,
                  NULL);INSERT INTO databasechangelog (id,
                               author,
                               filename,
                               dateexecuted,
                               orderexecuted,
                               exectype,
                               md5sum,
                               description,
                               comments,
                               tag,
                               liquibase,
                               contexts,
                               labels)
        VALUES (
                  '1455907672777-4',
                  'alexisparis (generated)',
                  'classpath:config/liquibase/changelog/20160219184749_changelog.xml',
                  TO_TIMESTAMP ('02/19/2016 19:49:09.365',
                                'MM/DD/YYYY fmHH24fm:MI:SS.FF'),
                  13,
                  'EXECUTED',
                  '7:05c6a16fcaf4b49ee16c8fc6b5b0d616',
                  'addForeignKeyConstraint',
                  NULL,
                  NULL,
                  '3.4.2',
                  NULL,
                  NULL);INSERT INTO databasechangelog (id,
                               author,
                               filename,
                               dateexecuted,
                               orderexecuted,
                               exectype,
                               md5sum,
                               description,
                               comments,
                               tag,
                               liquibase,
                               contexts,
                               labels)
        VALUES (
                  '1455907672777-5',
                  'alexisparis (generated)',
                  'classpath:config/liquibase/changelog/20160219184749_changelog.xml',
                  TO_TIMESTAMP ('02/19/2016 19:49:09.369',
                                'MM/DD/YYYY fmHH24fm:MI:SS.FF'),
                  14,
                  'EXECUTED',
                  '7:916738cf8cd0be45727eb972f93c9b49',
                  'addForeignKeyConstraint',
                  NULL,
                  NULL,
                  '3.4.2',
                  NULL,
                  NULL);INSERT INTO databasechangelog (id,
                               author,
                               filename,
                               dateexecuted,
                               orderexecuted,
                               exectype,
                               md5sum,
                               description,
                               comments,
                               tag,
                               liquibase,
                               contexts,
                               labels)
        VALUES (
                  '1455907672777-6',
                  'alexisparis (generated)',
                  'classpath:config/liquibase/changelog/20160219184749_changelog.xml',
                  TO_TIMESTAMP ('02/19/2016 19:49:09.375',
                                'MM/DD/YYYY fmHH24fm:MI:SS.FF'),
                  15,
                  'EXECUTED',
                  '7:6abb809eccaab3a85476f6aa467bae4f',
                  'dropSequence',
                  NULL,
                  NULL,
                  '3.4.2',
                  NULL,
                  NULL);INSERT INTO databasechangelog (id,
                               author,
                               filename,
                               dateexecuted,
                               orderexecuted,
                               exectype,
                               md5sum,
                               description,
                               comments,
                               tag,
                               liquibase,
                               contexts,
                               labels)
        VALUES (
                  '1455907672777-7',
                  'alexisparis (generated)',
                  'classpath:config/liquibase/changelog/20160219184749_changelog.xml',
                  TO_TIMESTAMP ('02/19/2016 19:49:09.378',
                                'MM/DD/YYYY fmHH24fm:MI:SS.FF'),
                  16,
                  'EXECUTED',
                  '7:ef2e73790c41f406a03011f3e10e1124',
                  'dropSequence',
                  NULL,
                  NULL,
                  '3.4.2',
                  NULL,
                  NULL);INSERT INTO databasechangelog (id,
                               author,
                               filename,
                               dateexecuted,
                               orderexecuted,
                               exectype,
                               md5sum,
                               description,
                               comments,
                               tag,
                               liquibase,
                               contexts,
                               labels)
        VALUES (
                  '20160220021201',
                  'jhipster',
                  'classpath:config/liquibase/changelog/20160220021201_added_entity_Tag.xml',
                  TO_TIMESTAMP ('02/20/2016 03:17:27.422',
                                'MM/DD/YYYY fmHH24fm:MI:SS.FF'),
                  17,
                  'EXECUTED',
                  '7:1c8eb89b31d9f721885d1aa6556375eb',
                  'createTable',
                  NULL,
                  NULL,
                  '3.4.2',
                  NULL,
                  NULL);INSERT INTO databasechangelog (id,
                               author,
                               filename,
                               dateexecuted,
                               orderexecuted,
                               exectype,
                               md5sum,
                               description,
                               comments,
                               tag,
                               liquibase,
                               contexts,
                               labels)
        VALUES (
                  '20160220021443',
                  'jhipster',
                  'classpath:config/liquibase/changelog/20160220021443_added_entity_Link.xml',
                  TO_TIMESTAMP ('02/20/2016 03:17:27.448',
                                'MM/DD/YYYY fmHH24fm:MI:SS.FF'),
                  18,
                  'EXECUTED',
                  '7:db6a3e197aa53719d5b729c8bdfb829c',
                  'createTable, dropDefaultValue, addForeignKeyConstraint, createTable, addPrimaryKey, addForeignKeyConstraint (x2)',
                  NULL,
                  NULL,
                  '3.4.2',
                  NULL,
                  NULL);INSERT INTO databasechangelog (id,
                               author,
                               filename,
                               dateexecuted,
                               orderexecuted,
                               exectype,
                               md5sum,
                               description,
                               comments,
                               tag,
                               liquibase,
                               contexts,
                               labels)
        VALUES (
                  '20160220023421',
                  'jhipster',
                  'classpath:config/liquibase/changelog/20160220023421_added_entity_Tag.xml',
                  TO_TIMESTAMP ('02/20/2016 03:36:48.798',
                                'MM/DD/YYYY fmHH24fm:MI:SS.FF'),
                  19,
                  'EXECUTED',
                  '7:1c8eb89b31d9f721885d1aa6556375eb',
                  'createTable',
                  NULL,
                  NULL,
                  '3.4.2',
                  NULL,
                  NULL);INSERT INTO databasechangelog (id,
                               author,
                               filename,
                               dateexecuted,
                               orderexecuted,
                               exectype,
                               md5sum,
                               description,
                               comments,
                               tag,
                               liquibase,
                               contexts,
                               labels)
        VALUES (
                  '20160220023615',
                  'jhipster',
                  'classpath:config/liquibase/changelog/20160220023615_added_entity_Link.xml',
                  TO_TIMESTAMP ('02/20/2016 03:36:48.822',
                                'MM/DD/YYYY fmHH24fm:MI:SS.FF'),
                  20,
                  'EXECUTED',
                  '7:db6a3e197aa53719d5b729c8bdfb829c',
                  'createTable, dropDefaultValue, addForeignKeyConstraint, createTable, addPrimaryKey, addForeignKeyConstraint (x2)',
                  NULL,
                  NULL,
                  '3.4.2',
                  NULL,
                  NULL);INSERT INTO databasechangelog (id,
                               author,
                               filename,
                               dateexecuted,
                               orderexecuted,
                               exectype,
                               md5sum,
                               description,
                               comments,
                               tag,
                               liquibase,
                               contexts,
                               labels)
        VALUES (
                  '1456259519626-1',
                  'alexisparis (generated)',
                  'classpath:config/liquibase/changelog/20160223203156_changelog.xml',
                  TO_TIMESTAMP ('02/23/2016 21:33:06.485',
                                'MM/DD/YYYY fmHH24fm:MI:SS.FF'),
                  21,
                  'EXECUTED',
                  '7:6abb809eccaab3a85476f6aa467bae4f',
                  'dropSequence',
                  NULL,
                  NULL,
                  '3.4.2',
                  NULL,
                  NULL);INSERT INTO databasechangelog (id,
                               author,
                               filename,
                               dateexecuted,
                               orderexecuted,
                               exectype,
                               md5sum,
                               description,
                               comments,
                               tag,
                               liquibase,
                               contexts,
                               labels)
        VALUES (
                  '1456259519626-2',
                  'alexisparis (generated)',
                  'classpath:config/liquibase/changelog/20160223203156_changelog.xml',
                  TO_TIMESTAMP ('02/23/2016 21:33:06.494',
                                'MM/DD/YYYY fmHH24fm:MI:SS.FF'),
                  22,
                  'EXECUTED',
                  '7:ef2e73790c41f406a03011f3e10e1124',
                  'dropSequence',
                  NULL,
                  NULL,
                  '3.4.2',
                  NULL,
                  NULL);INSERT INTO databasechangelog (id,
                               author,
                               filename,
                               dateexecuted,
                               orderexecuted,
                               exectype,
                               md5sum,
                               description,
                               comments,
                               tag,
                               liquibase,
                               contexts,
                               labels)
        VALUES (
                  '1456259519626-3',
                  'alexisparis (generated)',
                  'classpath:config/liquibase/changelog/20160223203156_changelog.xml',
                  TO_TIMESTAMP ('02/23/2016 21:35:39.704',
                                'MM/DD/YYYY fmHH24fm:MI:SS.FF'),
                  23,
                  'EXECUTED',
                  '7:96e659e02014bd8b58d0394d5d60f330',
                  'addNotNullConstraint',
                  NULL,
                  NULL,
                  '3.4.2',
                  NULL,
                  NULL);INSERT INTO databasechangelog (id,
                               author,
                               filename,
                               dateexecuted,
                               orderexecuted,
                               exectype,
                               md5sum,
                               description,
                               comments,
                               tag,
                               liquibase,
                               contexts,
                               labels)
        VALUES (
                  '1456259519626-4',
                  'alexisparis (generated)',
                  'classpath:config/liquibase/changelog/20160223203156_changelog.xml',
                  TO_TIMESTAMP ('02/23/2016 21:36:24.72',
                                'MM/DD/YYYY fmHH24fm:MI:SS.FF'),
                  24,
                  'EXECUTED',
                  '7:87929b9d95cf6d2d8aaecc5d8166bc9b',
                  'addNotNullConstraint',
                  NULL,
                  NULL,
                  '3.4.2',
                  NULL,
                  NULL);INSERT INTO databasechangelog (id,
                               author,
                               filename,
                               dateexecuted,
                               orderexecuted,
                               exectype,
                               md5sum,
                               description,
                               comments,
                               tag,
                               liquibase,
                               contexts,
                               labels)
        VALUES (
                  '1456261999812-1',
                  'alexisparis (generated)',
                  'classpath:config/liquibase/changelog/20160223211316_changelog.xml',
                  TO_TIMESTAMP ('02/23/2016 22:18:50.680',
                                'MM/DD/YYYY fmHH24fm:MI:SS.FF'),
                  25,
                  'EXECUTED',
                  '7:9d466b9dc9891b60f43828d0848131b1',
                  'addAutoIncrement',
                  NULL,
                  NULL,
                  '3.4.2',
                  NULL,
                  NULL);INSERT INTO databasechangeloglock (id,
                                   locked,
                                   lockgranted,
                                   lockedby)
     VALUES (1,
             FALSE,
             NULL,
             NULL);
             INSERT INTO jhi_user (id,
                      login,
                      password_hash,
                      first_name,
                      last_name,
                      email,
                      activated,
                      lang_key,
                      activation_key,
                      reset_key,
                      created_by,
                      created_date,
                      reset_date,
                      last_modified_by,
                      last_modified_date)
        VALUES (
                  1,
                  'system',
                  '$2a$10$mE.qmcV0mFU5NcKh73TZx.z4ueI/.bDWbj0T1BYyqP481kGGarKLG',
                  'System',
                  'System',
                  'system@localhost',
                  TRUE,
                  'en',
                  NULL,
                  NULL,
                  'system',
                  TO_TIMESTAMP ('02/19/2016 01:17:49.921',
                                'MM/DD/YYYY fmHH24fm:MI:SS.FF'),
                  NULL,
                  NULL,
                  NULL);INSERT INTO jhi_user (id,
                      login,
                      password_hash,
                      first_name,
                      last_name,
                      email,
                      activated,
                      lang_key,
                      activation_key,
                      reset_key,
                      created_by,
                      created_date,
                      reset_date,
                      last_modified_by,
                      last_modified_date)
        VALUES (
                  2,
                  'anonymousUser',
                  '$2a$10$j8S5d7Sr7.8VTOYNviDPOeWX8KcYILUVJBsYV83Y5NtECayypx9lO',
                  'Anonymous',
                  'User',
                  'anonymous@localhost',
                  TRUE,
                  'en',
                  NULL,
                  NULL,
                  'system',
                  TO_TIMESTAMP ('02/19/2016 01:17:49.921',
                                'MM/DD/YYYY fmHH24fm:MI:SS.FF'),
                  NULL,
                  NULL,
                  NULL);INSERT INTO jhi_user (id,
                      login,
                      password_hash,
                      first_name,
                      last_name,
                      email,
                      activated,
                      lang_key,
                      activation_key,
                      reset_key,
                      created_by,
                      created_date,
                      reset_date,
                      last_modified_by,
                      last_modified_date)
        VALUES (
                  3,
                  'admin',
                  '$2a$10$gSAhZrxMllrbgj/kkK9UceBPpChGWJA7SYIb1Mqo.n5aNLq1/oRrC',
                  'Administrator',
                  'Administrator',
                  'admin@localhost',
                  TRUE,
                  'en',
                  NULL,
                  NULL,
                  'system',
                  TO_TIMESTAMP ('02/19/2016 01:17:49.921',
                                'MM/DD/YYYY fmHH24fm:MI:SS.FF'),
                  NULL,
                  NULL,
                  NULL);INSERT INTO jhi_user (id,
                      login,
                      password_hash,
                      first_name,
                      last_name,
                      email,
                      activated,
                      lang_key,
                      activation_key,
                      reset_key,
                      created_by,
                      created_date,
                      reset_date,
                      last_modified_by,
                      last_modified_date)
        VALUES (
                  4,
                  'user',
                  '$2a$10$VEjxo0jq2YG9Rbk2HmX9S.k1uZBGYUHdUcid3g/vfiEl7lwWgOH/K',
                  'User',
                  'User',
                  'user@localhost',
                  TRUE,
                  'en',
                  NULL,
                  NULL,
                  'system',
                  TO_TIMESTAMP ('02/19/2016 01:17:49.921',
                                'MM/DD/YYYY fmHH24fm:MI:SS.FF'),
                  NULL,
                  NULL,
                  NULL);INSERT INTO jhi_user (id,
                      login,
                      password_hash,
                      first_name,
                      last_name,
                      email,
                      activated,
                      lang_key,
                      activation_key,
                      reset_key,
                      created_by,
                      created_date,
                      reset_date,
                      last_modified_by,
                      last_modified_date)
        VALUES (
                  253,
                  'sophieGuerlain',
                  NULL,
                  NULL,
                  NULL,
                  NULL,
                  TRUE,
                  NULL,
                  NULL,
                  NULL,
                  'admin',
                  TO_TIMESTAMP ('02/20/2016 00:00:00.00',
                                'MM/DD/YYYY fmHH24fm:MI:SS.FF'),
                  NULL,
                  NULL,
                  NULL);INSERT INTO jhi_user (id,
                      login,
                      password_hash,
                      first_name,
                      last_name,
                      email,
                      activated,
                      lang_key,
                      activation_key,
                      reset_key,
                      created_by,
                      created_date,
                      reset_date,
                      last_modified_by,
                      last_modified_date)
        VALUES (
                  268,
                  'gcalendar_7',
                  NULL,
                  NULL,
                  NULL,
                  NULL,
                  TRUE,
                  NULL,
                  NULL,
                  NULL,
                  'admin',
                  TO_TIMESTAMP ('02/20/2016 00:00:00.00',
                                'MM/DD/YYYY fmHH24fm:MI:SS.FF'),
                  NULL,
                  NULL,
                  NULL);INSERT INTO jhi_user (id,
                      login,
                      password_hash,
                      first_name,
                      last_name,
                      email,
                      activated,
                      lang_key,
                      activation_key,
                      reset_key,
                      created_by,
                      created_date,
                      reset_date,
                      last_modified_by,
                      last_modified_date)
        VALUES (
                  283,
                  'Naaooj',
                  NULL,
                  NULL,
                  NULL,
                  NULL,
                  TRUE,
                  NULL,
                  NULL,
                  NULL,
                  'admin',
                  TO_TIMESTAMP ('02/20/2016 00:00:00.00',
                                'MM/DD/YYYY fmHH24fm:MI:SS.FF'),
                  NULL,
                  NULL,
                  NULL);INSERT INTO jhi_user (id,
                      login,
                      password_hash,
                      first_name,
                      last_name,
                      email,
                      activated,
                      lang_key,
                      activation_key,
                      reset_key,
                      created_by,
                      created_date,
                      reset_date,
                      last_modified_by,
                      last_modified_date)
        VALUES (
                  298,
                  'paris_alex',
                  NULL,
                  NULL,
                  NULL,
                  NULL,
                  TRUE,
                  NULL,
                  NULL,
                  NULL,
                  'admin',
                  TO_TIMESTAMP ('02/20/2016 00:00:00.00',
                                'MM/DD/YYYY fmHH24fm:MI:SS.FF'),
                  NULL,
                  NULL,
                  NULL);INSERT INTO jhi_user (id,
                      login,
                      password_hash,
                      first_name,
                      last_name,
                      email,
                      activated,
                      lang_key,
                      activation_key,
                      reset_key,
                      created_by,
                      created_date,
                      reset_date,
                      last_modified_by,
                      last_modified_date)
        VALUES (
                  304,
                  'thenrion',
                  NULL,
                  NULL,
                  NULL,
                  NULL,
                  TRUE,
                  NULL,
                  NULL,
                  NULL,
                  'admin',
                  TO_TIMESTAMP ('02/20/2016 00:00:00.00',
                                'MM/DD/YYYY fmHH24fm:MI:SS.FF'),
                  NULL,
                  NULL,
                  NULL);INSERT INTO jhi_user (id,
                      login,
                      password_hash,
                      first_name,
                      last_name,
                      email,
                      activated,
                      lang_key,
                      activation_key,
                      reset_key,
                      created_by,
                      created_date,
                      reset_date,
                      last_modified_by,
                      last_modified_date)
        VALUES (
                  313,
                  'webcuriousanima',
                  NULL,
                  NULL,
                  NULL,
                  NULL,
                  TRUE,
                  NULL,
                  NULL,
                  NULL,
                  'admin',
                  TO_TIMESTAMP ('02/20/2016 00:00:00.00',
                                'MM/DD/YYYY fmHH24fm:MI:SS.FF'),
                  NULL,
                  NULL,
                  NULL);INSERT INTO jhi_user (id,
                      login,
                      password_hash,
                      first_name,
                      last_name,
                      email,
                      activated,
                      lang_key,
                      activation_key,
                      reset_key,
                      created_by,
                      created_date,
                      reset_date,
                      last_modified_by,
                      last_modified_date)
        VALUES (
                  368,
                  'rtaban',
                  NULL,
                  NULL,
                  NULL,
                  NULL,
                  TRUE,
                  NULL,
                  NULL,
                  NULL,
                  'admin',
                  TO_TIMESTAMP ('02/20/2016 00:00:00.00',
                                'MM/DD/YYYY fmHH24fm:MI:SS.FF'),
                  NULL,
                  NULL,
                  NULL);INSERT INTO jhi_user (id,
                      login,
                      password_hash,
                      first_name,
                      last_name,
                      email,
                      activated,
                      lang_key,
                      activation_key,
                      reset_key,
                      created_by,
                      created_date,
                      reset_date,
                      last_modified_by,
                      last_modified_date)
        VALUES (
                  392,
                  'annamsr',
                  NULL,
                  NULL,
                  NULL,
                  NULL,
                  TRUE,
                  NULL,
                  NULL,
                  NULL,
                  'admin',
                  TO_TIMESTAMP ('02/20/2016 00:00:00.00',
                                'MM/DD/YYYY fmHH24fm:MI:SS.FF'),
                  NULL,
                  NULL,
                  NULL);INSERT INTO jhi_user (id,
                      login,
                      password_hash,
                      first_name,
                      last_name,
                      email,
                      activated,
                      lang_key,
                      activation_key,
                      reset_key,
                      created_by,
                      created_date,
                      reset_date,
                      last_modified_by,
                      last_modified_date)
        VALUES (
                  400,
                  'fabianofranz',
                  NULL,
                  NULL,
                  NULL,
                  NULL,
                  TRUE,
                  NULL,
                  NULL,
                  NULL,
                  'admin',
                  TO_TIMESTAMP ('02/20/2016 00:00:00.00',
                                'MM/DD/YYYY fmHH24fm:MI:SS.FF'),
                  NULL,
                  NULL,
                  NULL);INSERT INTO jhi_user (id,
                      login,
                      password_hash,
                      first_name,
                      last_name,
                      email,
                      activated,
                      lang_key,
                      activation_key,
                      reset_key,
                      created_by,
                      created_date,
                      reset_date,
                      last_modified_by,
                      last_modified_date)
        VALUES (
                  414,
                  'rohit_kanwar',
                  NULL,
                  NULL,
                  NULL,
                  NULL,
                  TRUE,
                  NULL,
                  NULL,
                  NULL,
                  'admin',
                  TO_TIMESTAMP ('02/20/2016 00:00:00.00',
                                'MM/DD/YYYY fmHH24fm:MI:SS.FF'),
                  NULL,
                  NULL,
                  NULL);INSERT INTO jhi_user (id,
                      login,
                      password_hash,
                      first_name,
                      last_name,
                      email,
                      activated,
                      lang_key,
                      activation_key,
                      reset_key,
                      created_by,
                      created_date,
                      reset_date,
                      last_modified_by,
                      last_modified_date)
        VALUES (
                  433,
                  'sensefuse',
                  NULL,
                  NULL,
                  NULL,
                  NULL,
                  TRUE,
                  NULL,
                  NULL,
                  NULL,
                  'admin',
                  TO_TIMESTAMP ('02/20/2016 00:00:00.00',
                                'MM/DD/YYYY fmHH24fm:MI:SS.FF'),
                  NULL,
                  NULL,
                  NULL);INSERT INTO jhi_user (id,
                      login,
                      password_hash,
                      first_name,
                      last_name,
                      email,
                      activated,
                      lang_key,
                      activation_key,
                      reset_key,
                      created_by,
                      created_date,
                      reset_date,
                      last_modified_by,
                      last_modified_date)
        VALUES (
                  444,
                  'alexisPARIS6',
                  NULL,
                  NULL,
                  NULL,
                  NULL,
                  TRUE,
                  NULL,
                  NULL,
                  NULL,
                  'admin',
                  TO_TIMESTAMP ('02/20/2016 00:00:00.00',
                                'MM/DD/YYYY fmHH24fm:MI:SS.FF'),
                  NULL,
                  NULL,
                  NULL);INSERT INTO jhi_user (id,
                      login,
                      password_hash,
                      first_name,
                      last_name,
                      email,
                      activated,
                      lang_key,
                      activation_key,
                      reset_key,
                      created_by,
                      created_date,
                      reset_date,
                      last_modified_by,
                      last_modified_date)
        VALUES (
                  447,
                  'raleighing',
                  NULL,
                  NULL,
                  NULL,
                  NULL,
                  TRUE,
                  NULL,
                  NULL,
                  NULL,
                  'admin',
                  TO_TIMESTAMP ('02/20/2016 00:00:00.00',
                                'MM/DD/YYYY fmHH24fm:MI:SS.FF'),
                  NULL,
                  NULL,
                  NULL);INSERT INTO jhi_user (id,
                      login,
                      password_hash,
                      first_name,
                      last_name,
                      email,
                      activated,
                      lang_key,
                      activation_key,
                      reset_key,
                      created_by,
                      created_date,
                      reset_date,
                      last_modified_by,
                      last_modified_date)
        VALUES (
                  452,
                  'danomalik',
                  NULL,
                  NULL,
                  NULL,
                  NULL,
                  TRUE,
                  NULL,
                  NULL,
                  NULL,
                  'admin',
                  TO_TIMESTAMP ('02/20/2016 00:00:00.00',
                                'MM/DD/YYYY fmHH24fm:MI:SS.FF'),
                  NULL,
                  NULL,
                  NULL);INSERT INTO jhi_user (id,
                      login,
                      password_hash,
                      first_name,
                      last_name,
                      email,
                      activated,
                      lang_key,
                      activation_key,
                      reset_key,
                      created_by,
                      created_date,
                      reset_date,
                      last_modified_by,
                      last_modified_date)
        VALUES (
                  454,
                  'long_hdi',
                  NULL,
                  NULL,
                  NULL,
                  NULL,
                  TRUE,
                  NULL,
                  NULL,
                  NULL,
                  'admin',
                  TO_TIMESTAMP ('02/20/2016 00:00:00.00',
                                'MM/DD/YYYY fmHH24fm:MI:SS.FF'),
                  NULL,
                  NULL,
                  NULL);INSERT INTO jhi_user (id,
                      login,
                      password_hash,
                      first_name,
                      last_name,
                      email,
                      activated,
                      lang_key,
                      activation_key,
                      reset_key,
                      created_by,
                      created_date,
                      reset_date,
                      last_modified_by,
                      last_modified_date)
        VALUES (
                  458,
                  'thanray',
                  NULL,
                  NULL,
                  NULL,
                  NULL,
                  TRUE,
                  NULL,
                  NULL,
                  NULL,
                  'admin',
                  TO_TIMESTAMP ('02/20/2016 00:00:00.00',
                                'MM/DD/YYYY fmHH24fm:MI:SS.FF'),
                  NULL,
                  NULL,
                  NULL);INSERT INTO jhi_user (id,
                      login,
                      password_hash,
                      first_name,
                      last_name,
                      email,
                      activated,
                      lang_key,
                      activation_key,
                      reset_key,
                      created_by,
                      created_date,
                      reset_date,
                      last_modified_by,
                      last_modified_date)
        VALUES (
                  465,
                  'shrikant',
                  NULL,
                  NULL,
                  NULL,
                  NULL,
                  TRUE,
                  NULL,
                  NULL,
                  NULL,
                  'admin',
                  TO_TIMESTAMP ('02/20/2016 00:00:00.00',
                                'MM/DD/YYYY fmHH24fm:MI:SS.FF'),
                  NULL,
                  NULL,
                  NULL);INSERT INTO jhi_user (id,
                      login,
                      password_hash,
                      first_name,
                      last_name,
                      email,
                      activated,
                      lang_key,
                      activation_key,
                      reset_key,
                      created_by,
                      created_date,
                      reset_date,
                      last_modified_by,
                      last_modified_date)
        VALUES (
                  469,
                  'ArunachalamC',
                  NULL,
                  NULL,
                  NULL,
                  NULL,
                  TRUE,
                  NULL,
                  NULL,
                  NULL,
                  'admin',
                  TO_TIMESTAMP ('02/20/2016 00:00:00.00',
                                'MM/DD/YYYY fmHH24fm:MI:SS.FF'),
                  NULL,
                  NULL,
                  NULL);INSERT INTO jhi_user (id,
                      login,
                      password_hash,
                      first_name,
                      last_name,
                      email,
                      activated,
                      lang_key,
                      activation_key,
                      reset_key,
                      created_by,
                      created_date,
                      reset_date,
                      last_modified_by,
                      last_modified_date)
        VALUES (
                  471,
                  'Krisrettiwt',
                  NULL,
                  NULL,
                  NULL,
                  NULL,
                  TRUE,
                  NULL,
                  NULL,
                  NULL,
                  'admin',
                  TO_TIMESTAMP ('02/20/2016 00:00:00.00',
                                'MM/DD/YYYY fmHH24fm:MI:SS.FF'),
                  NULL,
                  NULL,
                  NULL);INSERT INTO jhi_user (id,
                      login,
                      password_hash,
                      first_name,
                      last_name,
                      email,
                      activated,
                      lang_key,
                      activation_key,
                      reset_key,
                      created_by,
                      created_date,
                      reset_date,
                      last_modified_by,
                      last_modified_date)
        VALUES (
                  474,
                  'ariestiyansyah',
                  NULL,
                  NULL,
                  NULL,
                  NULL,
                  TRUE,
                  NULL,
                  NULL,
                  NULL,
                  'admin',
                  TO_TIMESTAMP ('02/20/2016 00:00:00.00',
                                'MM/DD/YYYY fmHH24fm:MI:SS.FF'),
                  NULL,
                  NULL,
                  NULL);COMMIT;






     INSERT INTO jhi_user_authority (user_id, authority_name)
     VALUES (1, 'ROLE_ADMIN');INSERT INTO jhi_user_authority (user_id, authority_name)
     VALUES (1, 'ROLE_USER');INSERT INTO jhi_user_authority (user_id, authority_name)
     VALUES (3, 'ROLE_ADMIN');INSERT INTO jhi_user_authority (user_id, authority_name)
     VALUES (3, 'ROLE_USER');INSERT INTO jhi_user_authority (user_id, authority_name)
     VALUES (4, 'ROLE_USER');










INSERT INTO link (id,
                  creation_date,
                  description,
                  domain,
                  locked,
                  note,
                  read,
                  title,
                  url,
                  user_id,
                  original_url)
        VALUES (
                  162,
                  TO_TIMESTAMP ('09/28/2001 01:00:00.00',
                                'MM/DD/YYYY fmHH24fm:MI:SS.FF'),
                  'This tutorial will teach you Spring 3.0 in simple step with examples.',
                  'dzone.com',
                  NULL,
                  0,
                  FALSE,
                  'Learn Spring Framework in simple steps',
                  'http://goo.gl/E8z6c',
                  298,
                  'https://dzone.com/links/learn_spring_framework_in_simple_steps.html');INSERT INTO link (id,
                  creation_date,
                  description,
                  domain,
                  locked,
                  note,
                  read,
                  title,
                  url,
                  user_id,
                  original_url)
        VALUES (
                  69,
                  TO_TIMESTAMP ('09/28/2001 01:00:00.00',
                                'MM/DD/YYYY fmHH24fm:MI:SS.FF'),
                  'We know that HTML5 Canvas with smart JavaScript can do lots that Flash with ActionScript can do. This is exciting, because it replaces a proprietary technology...',
                  'dzone.com',
                  NULL,
                  0,
                  FALSE,
                  'Parallaxed 3D in CSS3 - DZone Web Dev',
                  'http://goo.gl/e7FI0',
                  298,
                  'https://dzone.com/articles/parallaxed-3d-css3');INSERT INTO link (id,
                  creation_date,
                  description,
                  domain,
                  locked,
                  note,
                  read,
                  title,
                  url,
                  user_id,
                  original_url)
        VALUES (
                  72,
                  TO_TIMESTAMP ('09/28/2001 01:00:00.00',
                                'MM/DD/YYYY fmHH24fm:MI:SS.FF'),
                  NULL,
                  'blogs.msdn.microsoft.com',
                  NULL,
                  0,
                  FALSE,
                  'Using CSS3 to make your web pages better when they are printed. | thebeebs',
                  'http://goo.gl/Nud7D',
                  298,
                  'https://blogs.msdn.microsoft.com/b/thebeebs/archive/2012/01/18/using-css3-to-make-your-blogs-better-when-they-are-printed.aspx');INSERT INTO link (id,
                  creation_date,
                  description,
                  domain,
                  locked,
                  note,
                  read,
                  title,
                  url,
                  user_id,
                  original_url)
        VALUES (
                  76,
                  TO_TIMESTAMP ('09/28/2001 01:00:00.00',
                                'MM/DD/YYYY fmHH24fm:MI:SS.FF'),
                  'Article: CSS3 Image Hover Effects, css3, effects, image hover',
                  'www.script-tutorials.com',
                  NULL,
                  0,
                  FALSE,
                  'CSS3 Image Hover Effects',
                  'http://goo.gl/RYoT0',
                  298,
                  'https://www.script-tutorials.com/css3-image-hover-effects/');INSERT INTO link (id,
                  creation_date,
                  description,
                  domain,
                  locked,
                  note,
                  read,
                  title,
                  url,
                  user_id,
                  original_url)
        VALUES (
                  98,
                  TO_TIMESTAMP ('09/28/2001 01:00:00.00',
                                'MM/DD/YYYY fmHH24fm:MI:SS.FF'),
                  'This is not an introduction to Scala; we assume the reader is familiar with the language. This is a living document that will change to reflect our current...',
                  'dzone.com',
                  NULL,
                  0,
                  FALSE,
                  'Effective Scala - A collection of Scala best practices from Twitter',
                  'http://goo.gl/Rhwd0',
                  298,
                  'https://dzone.com/links/effective_scala_a_collection_of_scala_best_practi.html');INSERT INTO link (id,
                  creation_date,
                  description,
                  domain,
                  locked,
                  note,
                  read,
                  title,
                  url,
                  user_id,
                  original_url)
        VALUES (
                  102,
                  TO_TIMESTAMP ('09/28/2001 01:00:00.00',
                                'MM/DD/YYYY fmHH24fm:MI:SS.FF'),
                  'Thrift is a
cross language RPC framework initially developed at Facebook, now open
sourced as an Apache project. This post will describe how to write a...',
                  'dzone.com',
                  NULL,
                  0,
                  FALSE,
                  'Apache Thrift Quickstart Tutorial - DZone Database',
                  'http://goo.gl/NHD8i',
                  298,
                  'https://dzone.com/articles/apache-thrift-quickstart');INSERT INTO link (id,
                  creation_date,
                  description,
                  domain,
                  locked,
                  note,
                  read,
                  title,
                  url,
                  user_id,
                  original_url)
        VALUES (
                  106,
                  TO_TIMESTAMP ('09/28/2001 01:00:00.00',
                                'MM/DD/YYYY fmHH24fm:MI:SS.FF'),
                  'Dr. Axel Rauschmayer looks at two special values that can be the result of operations that normally return numbers in JavaScript: NaN and Infinity.',
                  'dzone.com',
                  NULL,
                  0,
                  FALSE,
                  'NaN and Infinity in JavaScript',
                  'http://goo.gl/Ir1TY',
                  298,
                  'https://dzone.com/links/nan_and_infinity_in_javascript.html');INSERT INTO link (id,
                  creation_date,
                  description,
                  domain,
                  locked,
                  note,
                  read,
                  title,
                  url,
                  user_id,
                  original_url)
        VALUES (
                  112,
                  TO_TIMESTAMP ('09/28/2001 01:00:00.00',
                                'MM/DD/YYYY fmHH24fm:MI:SS.FF'),
                  'Two popular methods of indexing existing data are the Data Import Handler (DIH) and Tika (Solr Cell)/ExtractingRequestHandler.',
                  'dzone.com',
                  NULL,
                  0,
                  FALSE,
                  'Indexing Existing Data with SolrJ - DZone Big Data',
                  'http://goo.gl/JWx9h',
                  298,
                  'https://dzone.com/articles/indexing-solrj');INSERT INTO link (id,
                  creation_date,
                  description,
                  domain,
                  locked,
                  note,
                  read,
                  title,
                  url,
                  user_id,
                  original_url)
        VALUES (
                  117,
                  TO_TIMESTAMP ('09/28/2001 01:00:00.00',
                                'MM/DD/YYYY fmHH24fm:MI:SS.FF'),
                  'Let us talk today about a very useful tool named Cobertura. This framework has the same functions of the Emma framework that we saw in another post.The major...',
                  'dzone.com',
                  NULL,
                  0,
                  FALSE,
                  'Covering your tests with Cobertura, JUnit, HSQLDB, JPA',
                  'http://goo.gl/N2uLE',
                  298,
                  'https://dzone.com/links/covering_your_tests_with_cobertura_junit_hsqldb_j.html');INSERT INTO link (id,
                  creation_date,
                  description,
                  domain,
                  locked,
                  note,
                  read,
                  title,
                  url,
                  user_id,
                  original_url)
        VALUES (
                  138,
                  TO_TIMESTAMP ('09/28/2001 01:00:00.00',
                                'MM/DD/YYYY fmHH24fm:MI:SS.FF'),
                  'Hadoop is a great piece of software. It is not original but that certainly does not take away its glory. It builds on parallel processing, a concept thats been...',
                  'dzone.com',
                  NULL,
                  0,
                  FALSE,
                  'The problems in Hadoop - When does it fail to deliver?',
                  'http://goo.gl/TWfhb',
                  298,
                  'https://dzone.com/links/the_problems_in_hadoop_when_does_it_fail_to_deliv_2.html');INSERT INTO link (id,
                  creation_date,
                  description,
                  domain,
                  locked,
                  note,
                  read,
                  title,
                  url,
                  user_id,
                  original_url)
        VALUES (
                  150,
                  TO_TIMESTAMP ('09/28/2001 01:00:00.00',
                                'MM/DD/YYYY fmHH24fm:MI:SS.FF'),
                  'This is part 3 of tutorials for first-time programmers getting into Scala.',
                  'dzone.com',
                  NULL,
                  0,
                  FALSE,
                  'Scala Tutorial - conditional execution with if-else blocks and matching',
                  'http://goo.gl/J9KI8',
                  298,
                  'https://dzone.com/links/scala_tutorial_conditional_execution_with_ifelse.html');INSERT INTO link (id,
                  creation_date,
                  description,
                  domain,
                  locked,
                  note,
                  read,
                  title,
                  url,
                  user_id,
                  original_url)
        VALUES (
                  160,
                  TO_TIMESTAMP ('09/28/2001 01:00:00.00',
                                'MM/DD/YYYY fmHH24fm:MI:SS.FF'),
                  'A very exciting and very long post showing the latest news in the Scala world',
                  'dzone.com',
                  NULL,
                  0,
                  FALSE,
                  'This week in Scala (16/03/2012)',
                  'http://goo.gl/I3ul9',
                  298,
                  'https://dzone.com/links/this_week_in_scala_16032012_2.html');INSERT INTO link (id,
                  creation_date,
                  description,
                  domain,
                  locked,
                  note,
                  read,
                  title,
                  url,
                  user_id,
                  original_url)
        VALUES (
                  116,
                  TO_TIMESTAMP ('09/28/2001 01:00:00.00',
                                'MM/DD/YYYY fmHH24fm:MI:SS.FF'),
                  'Producer Consumer design pattern is based on problem of Producer consumer in multi-threading. BlockingQueue in Java5 Solved this effectively without any hassle.',
                  'javarevisited.blogspot.fr',
                  NULL,
                  0,
                  FALSE,
                  'Producer Consumer Design Pattern with Blocking Queue Example in Java',
                  'http://goo.gl/BZ54s',
                  298,
                  'http://javarevisited.blogspot.fr/2012/02/producer-consumer-design-pattern-with.html');INSERT INTO link (id,
                  creation_date,
                  description,
                  domain,
                  locked,
                  note,
                  read,
                  title,
                  url,
                  user_id,
                  original_url)
        VALUES (
                  126,
                  TO_TIMESTAMP ('09/28/2001 01:00:00.00',
                                'MM/DD/YYYY fmHH24fm:MI:SS.FF'),
                  'J''ai traduit ce billet de Eli Weinstock-Herman&nbsp;: Applying Kanban to IT Processes (Part 1). Cet article est le premier d''une suite dcrivant les fondamentaux du Kanban et',
                  'www.fabrice-aimetti.fr',
                  NULL,
                  0,
                  FALSE,
                  'Appliquer Kanban aux processus informatiques (1) - Fabrice Aimetti',
                  'http://goo.gl/xyxr1',
                  298,
                  'http://www.fabrice-aimetti.fr/dotclear/index.php?post/2011/07/07/Appliquer-Kanban-aux-processus-informatiques-1');INSERT INTO link (id,
                  creation_date,
                  description,
                  domain,
                  locked,
                  note,
                  read,
                  title,
                  url,
                  user_id,
                  original_url)
        VALUES (
                  132,
                  TO_TIMESTAMP ('09/28/2001 01:00:00.00',
                                'MM/DD/YYYY fmHH24fm:MI:SS.FF'),
                  NULL,
                  'ayeba.fr',
                  NULL,
                  0,
                  FALSE,
                  'Le Kanban pour vos projets | Ayeba',
                  'http://goo.gl/30CxR',
                  298,
                  'http://ayeba.fr/2010/02/le-kanban-pour-vos-projets/');INSERT INTO link (id,
                  creation_date,
                  description,
                  domain,
                  locked,
                  note,
                  read,
                  title,
                  url,
                  user_id,
                  original_url)
        VALUES (
                  142,
                  TO_TIMESTAMP ('09/28/2001 01:00:00.00',
                                'MM/DD/YYYY fmHH24fm:MI:SS.FF'),
                  'Learn the advantages of creating JavaScript objects using prototypal inheritance.',
                  'www.adobe.com',
                  NULL,
                  0,
                  FALSE,
                  'JavaScript object creation: Learning to live without "new" | Adobe Developer Connection',
                  'http://goo.gl/gKhxT',
                  298,
                  'http://www.adobe.com/devnet/archive/html5/articles/javascript-object-creation.html');INSERT INTO link (id,
                  creation_date,
                  description,
                  domain,
                  locked,
                  note,
                  read,
                  title,
                  url,
                  user_id,
                  original_url)
        VALUES (
                  146,
                  TO_TIMESTAMP ('09/28/2001 01:00:00.00',
                                'MM/DD/YYYY fmHH24fm:MI:SS.FF'),
                  '[VIDEO] I will show you how to implement a multi user paint using latest web technologies like Play framework (version 2), HTML5 Canvas and WebSocket.',
                  'greweb.me',
                  NULL,
                  0,
                  FALSE,
                  '@GreWeb - 30 minutes to make a multi user real time paint with Play 2 framework, Canvas and WebSocke',
                  'http://goo.gl/IT5rm',
                  298,
                  'http://greweb.me/2012/03/30-minutes-to-make-a-multi-user-real-time-paint-with-play-2-framework-canvas-and-websocket/');INSERT INTO link (id,
                  creation_date,
                  description,
                  domain,
                  locked,
                  note,
                  read,
                  title,
                  url,
                  user_id,
                  original_url)
        VALUES (
                  148,
                  TO_TIMESTAMP ('09/28/2001 01:00:00.00',
                                'MM/DD/YYYY fmHH24fm:MI:SS.FF'),
                  'In this interview with InfoQ''s Editor in Chief, Michael Floyd, Martin Odersky draws the comparisons between F# and Scala, discusses the future of Scala, and addresses once and for all the question of ',
                  'www.infoq.com',
                  NULL,
                  0,
                  FALSE,
                  'Martin Odersky on Typesafe Stack and the Future of Scala',
                  'http://goo.gl/pSgxf',
                  298,
                  'http://www.infoq.com/articles/odersky-scala-interview');INSERT INTO link (id,
                  creation_date,
                  description,
                  domain,
                  locked,
                  note,
                  read,
                  title,
                  url,
                  user_id,
                  original_url)
        VALUES (
                  153,
                  TO_TIMESTAMP ('09/28/2001 01:00:00.00',
                                'MM/DD/YYYY fmHH24fm:MI:SS.FF'),
                  '
'                  ,
                  'www.artima.com',
                  NULL,
                  0,
                  FALSE,
                  'A Scalable Language',
                  'http://goo.gl/rAyEF',
                  298,
                  'http://www.artima.com/pins1ed/a-scalable-language.html');INSERT INTO link (id,
                  creation_date,
                  description,
                  domain,
                  locked,
                  note,
                  read,
                  title,
                  url,
                  user_id,
                  original_url)
        VALUES (
                  158,
                  TO_TIMESTAMP ('09/28/2001 01:00:00.00',
                                'MM/DD/YYYY fmHH24fm:MI:SS.FF'),
                  'Cabinet de conseil Agile spcialis dans les technologies Big Data, Cloud, Web, Architectures Java et mobile',
                  'blog.xebia.fr',
                  NULL,
                  0,
                  FALSE,
                  'Les types monadiques de Scala  Le type Option | Blog Technique Xebia - Cabinet de conseil IT',
                  'http://goo.gl/2Irb1',
                  298,
                  'http://blog.xebia.fr/2012/03/19/les-types-monadiques-de-scala-le-type-option/');INSERT INTO link (id,
                  creation_date,
                  description,
                  domain,
                  locked,
                  note,
                  read,
                  title,
                  url,
                  user_id,
                  original_url)
        VALUES (
                  161,
                  TO_TIMESTAMP ('09/28/2001 01:00:00.00',
                                'MM/DD/YYYY fmHH24fm:MI:SS.FF'),
                  'This series of Scala dojos aims to introduce developers to functional programming concepts and social coding with Git.',
                  'dzone.com',
                  NULL,
                  0,
                  FALSE,
                  'A Coding Dojo Series to Teach Scala',
                  'http://goo.gl/nu8E4',
                  298,
                  'https://dzone.com/links/a_coding_dojo_series_to_teach_scala.html');INSERT INTO link (id,
                  creation_date,
                  description,
                  domain,
                  locked,
                  note,
                  read,
                  title,
                  url,
                  user_id,
                  original_url)
        VALUES (
                  167,
                  TO_TIMESTAMP ('09/28/2001 01:00:00.00',
                                'MM/DD/YYYY fmHH24fm:MI:SS.FF'),
                  'There are some technical issues everyone in the community must live with when they use Scala. In my opinion, it is not too much, considering the power you are...',
                  'dzone.com',
                  NULL,
                  0,
                  FALSE,
                  'Scala: Sink or Swim? Part 2',
                  'http://goo.gl/DUAFN',
                  298,
                  'https://dzone.com/links/scala_sink_or_swim_part_2.html');INSERT INTO link (id,
                  creation_date,
                  description,
                  domain,
                  locked,
                  note,
                  read,
                  title,
                  url,
                  user_id,
                  original_url)
        VALUES (
                  327,
                  TO_TIMESTAMP ('09/28/2001 01:00:00.00',
                                'MM/DD/YYYY fmHH24fm:MI:SS.FF'),
                  'and now Id like to introduce you to PhoneGap Legends. PhoneGap Legends is a fantasy/RPG themed demo that leverages HTML DOM animation techniques and targets...',
                  'dzone.com',
                  NULL,
                  0,
                  FALSE,
                  'PhoneGap Legends  A Sample Game App',
                  'http://goo.gl/5q7tU',
                  298,
                  'https://dzone.com/links/phonegap_legends_a_sample_game_app.html');INSERT INTO link (id,
                  creation_date,
                  description,
                  domain,
                  locked,
                  note,
                  read,
                  title,
                  url,
                  user_id,
                  original_url)
        VALUES (
                  359,
                  TO_TIMESTAMP ('09/28/2001 01:00:00.00',
                                'MM/DD/YYYY fmHH24fm:MI:SS.FF'),
                  '

I absolutely love this editor. A ridiculously fast editor which has everything youd love to have from a simple notepad to an advanced, extensible IDE with...',
                  'dzone.com',
                  NULL,
                  0,
                  FALSE,
                  'My Sublime Text Setup - DZone Performance',
                  'http://goo.gl/2DhMa',
                  304,
                  'https://dzone.com/articles/my-sublime-text-setup');INSERT INTO link (id,
                  creation_date,
                  description,
                  domain,
                  locked,
                  note,
                  read,
                  title,
                  url,
                  user_id,
                  original_url)
        VALUES (
                  372,
                  TO_TIMESTAMP ('09/28/2001 01:00:00.00',
                                'MM/DD/YYYY fmHH24fm:MI:SS.FF'),
                  '
                                        	For those of us doing Java
EE development with Maven (which by my own account as a former
consultant is pretty...',
                  'dzone.com',
                  NULL,
                  0,
                  TRUE,
                  'Java EE 7 Maven Archetype - DZone Java',
                  'http://goo.gl/nZAI2',
                  283,
                  'https://dzone.com/articles/java-ee-7-maven-archetype?utm_source=feedly&utm_medium=feed&utm_campaign=Feed%253A+javalobby%252Ffrontpage+(Javalobby+%252F+Java+Zone)');INSERT INTO link (id,
                  creation_date,
                  description,
                  domain,
                  locked,
                  note,
                  read,
                  title,
                  url,
                  user_id,
                  original_url)
        VALUES (
                  379,
                  TO_TIMESTAMP ('09/28/2001 01:00:00.00',
                                'MM/DD/YYYY fmHH24fm:MI:SS.FF'),
                  NULL,
                  'goo.gl',
                  NULL,
                  0,
                  FALSE,
                  'S0eRv',
                  'http://goo.gl/S0eRv',
                  298,
                  'http://goo.gl/S0eRv');INSERT INTO link (id,
                  creation_date,
                  description,
                  domain,
                  locked,
                  note,
                  read,
                  title,
                  url,
                  user_id,
                  original_url)
        VALUES (
                  397,
                  TO_TIMESTAMP ('09/28/2001 01:00:00.00',
                                'MM/DD/YYYY fmHH24fm:MI:SS.FF'),
                  '



A mystery unsolved.


When last examined, the structure of Apache Ant looked odd.



Something didn''t quite fit.



The problem concerns...',
                  'dzone.com',
                  NULL,
                  0,
                  FALSE,
                  'Code Autopsy - DZone Java',
                  'http://goo.gl/8SOeK',
                  283,
                  'https://dzone.com/articles/code-autopsy?utm_source=feedly&utm_medium=feed&utm_campaign=Feed%253A+javalobby%252Ffrontpage+(Javalobby+%252F+Java+Zone)');INSERT INTO link (id,
                  creation_date,
                  description,
                  domain,
                  locked,
                  note,
                  read,
                  title,
                  url,
                  user_id,
                  original_url)
        VALUES (
                  410,
                  TO_TIMESTAMP ('09/28/2001 01:00:00.00',
                                'MM/DD/YYYY fmHH24fm:MI:SS.FF'),
                  'Grails has great support for testing. We can unit test controllers, taglibs, services and much more. One of the things we can unit test are views and templates....',
                  'dzone.com',
                  NULL,
                  0,
                  FALSE,
                  'Grails Goodness: Testing Views and Templates - DZone DevOps',
                  'http://goo.gl/7A4oK',
                  298,
                  'https://dzone.com/articles/grails-goodness-testing-views');INSERT INTO link (id,
                  creation_date,
                  description,
                  domain,
                  locked,
                  note,
                  read,
                  title,
                  url,
                  user_id,
                  original_url)
        VALUES (
                  411,
                  TO_TIMESTAMP ('09/28/2001 01:00:00.00',
                                'MM/DD/YYYY fmHH24fm:MI:SS.FF'),
                  NULL,
                  'goo.gl',
                  NULL,
                  0,
                  FALSE,
                  'n6cDt',
                  'http://goo.gl/n6cDt',
                  298,
                  'http://goo.gl/n6cDt');INSERT INTO link (id,
                  creation_date,
                  description,
                  domain,
                  locked,
                  note,
                  read,
                  title,
                  url,
                  user_id,
                  original_url)
        VALUES (
                  12,
                  TO_TIMESTAMP ('09/28/2001 01:00:00.00',
                                'MM/DD/YYYY fmHH24fm:MI:SS.FF'),
                  'scala.katas - S-99: 99 Scala Problems written as junit tests',
                  'github.com',
                  NULL,
                  0,
                  FALSE,
                  'GitHub - dadrox/scala.katas: S-99: 99 Scala Problems written as junit tests',
                  'http://goo.gl/6lL84',
                  298,
                  'https://github.com/dadrox/scala.katas');INSERT INTO link (id,
                  creation_date,
                  description,
                  domain,
                  locked,
                  note,
                  read,
                  title,
                  url,
                  user_id,
                  original_url)
        VALUES (
                  476,
                  TO_TIMESTAMP ('09/28/2001 01:00:00.00',
                                'MM/DD/YYYY fmHH24fm:MI:SS.FF'),
                  'Julian Taylor has released a PPA that allows you to install KeePass 2 easily in your Ubuntu',
                  'www.maketecheasier.com',
                  NULL,
                  0,
                  FALSE,
                  'How to Install KeePass2 In Ubuntu Natty',
                  'http://goo.gl/FBp8HS',
                  298,
                  'https://www.maketecheasier.com/install-keepass2-on-ubuntu-natty');INSERT INTO link (id,
                  creation_date,
                  description,
                  domain,
                  locked,
                  note,
                  read,
                  title,
                  url,
                  user_id,
                  original_url)
        VALUES (
                  366,
                  TO_TIMESTAMP ('09/28/2001 01:00:00.00',
                                'MM/DD/YYYY fmHH24fm:MI:SS.FF'),
                  'Selecting a JavaScript MVC framework can be hard work. There are so many factors to consider and so many options out there that selecting a framework ',
                  'sporto.github.io',
                  NULL,
                  0,
                  FALSE,
                  'A Comparison of Angular, Backbone, CanJS and Ember - Sebastian''s Blog',
                  'http://goo.gl/id8wU',
                  304,
                  'http://sporto.github.io/blog/2013/04/12/comparison-angular-backbone-can-ember/');INSERT INTO link (id,
                  creation_date,
                  description,
                  domain,
                  locked,
                  note,
                  read,
                  title,
                  url,
                  user_id,
                  original_url)
        VALUES (
                  362,
                  TO_TIMESTAMP ('09/28/2001 01:00:00.00',
                                'MM/DD/YYYY fmHH24fm:MI:SS.FF'),
                  NULL,
                  'examples.sencha.com',
                  NULL,
                  0,
                  FALSE,
                  'Sencha GXT Explorer  "4.0.0 #24 Wed Dec 2 20:20:35 PST 2015',
                  'http://goo.gl/WGCgD',
                  298,
                  'http://examples.sencha.com/gxt/4.0.0/examples/');INSERT INTO link (id,
                  creation_date,
                  description,
                  domain,
                  locked,
                  note,
                  read,
                  title,
                  url,
                  user_id,
                  original_url)
        VALUES (
                  403,
                  TO_TIMESTAMP ('09/28/2001 01:00:00.00',
                                'MM/DD/YYYY fmHH24fm:MI:SS.FF'),
                  'Les experts Java EE, Portail et SOA',
                  'blog.ippon.fr',
                  NULL,
                  0,
                  FALSE,
                  'Le Blog d''Ippon Technologies - Big Data : La jungle des diffrentes distributions open source Hadoop',
                  'http://goo.gl/StI2a',
                  298,
                  'http://blog.ippon.fr/2013/05/14/big-data-la-jungle-des-differentes-distributions-open-source-hadoop/?utm_source=feedly&utm_medium=feed&utm_campaign=Feed%3A%20LeBlogDesExpertsJ2ee%20(Le%20blog%20des%20experts%20J2EE)');INSERT INTO link (id,
                  creation_date,
                  description,
                  domain,
                  locked,
                  note,
                  read,
                  title,
                  url,
                  user_id,
                  original_url)
        VALUES (
                  404,
                  TO_TIMESTAMP ('09/28/2001 01:00:00.00',
                                'MM/DD/YYYY fmHH24fm:MI:SS.FF'),
                  'J''ai traduit ce clbre article de Corey Ladas&nbsp;: "Scrum-ban". a date de 2008 et a n''a pas vieilli. Que du bonheur ! Comme de plus en plus de gens',
                  'www.fabrice-aimetti.fr',
                  NULL,
                  0,
                  FALSE,
                  'Scrumban - Fabrice Aimetti',
                  'http://goo.gl/CLNir',
                  298,
                  'http://www.fabrice-aimetti.fr/dotclear/index.php?post/2011/07/01/Scrumban');INSERT INTO link (id,
                  creation_date,
                  description,
                  domain,
                  locked,
                  note,
                  read,
                  title,
                  url,
                  user_id,
                  original_url)
        VALUES (
                  406,
                  TO_TIMESTAMP ('09/28/2001 01:00:00.00',
                                'MM/DD/YYYY fmHH24fm:MI:SS.FF'),
                  NULL,
                  'engineering.appfolio.com',
                  NULL,
                  0,
                  FALSE,
                  'CSS Architecture  Appfolio Engineering',
                  'http://goo.gl/94Yvo',
                  298,
                  'http://engineering.appfolio.com/2012/11/16/css-architecture/');INSERT INTO link (id,
                  creation_date,
                  description,
                  domain,
                  locked,
                  note,
                  read,
                  title,
                  url,
                  user_id,
                  original_url)
        VALUES (
                  412,
                  TO_TIMESTAMP ('09/28/2001 01:00:00.00',
                                'MM/DD/YYYY fmHH24fm:MI:SS.FF'),
                  'Aditya Bhargava''s personal blog.',
                  'adit.io',
                  NULL,
                  0,
                  FALSE,
                  'Locks, Actors, And STM In Pictures - adit.io',
                  'http://goo.gl/rncBA',
                  298,
                  'http://adit.io/posts/2013-05-15-Locks,-Actors,-And-STM-In-Pictures.html');INSERT INTO link (id,
                  creation_date,
                  description,
                  domain,
                  locked,
                  note,
                  read,
                  title,
                  url,
                  user_id,
                  original_url)
        VALUES (
                  128,
                  TO_TIMESTAMP ('09/28/2001 01:00:00.00',
                                'MM/DD/YYYY fmHH24fm:MI:SS.FF'),
                  'Les experts Java EE, Portail et SOA',
                  'blog.ippon.fr',
                  NULL,
                  0,
                  FALSE,
                  'Le Blog d''Ippon Technologies - Optimiser ses resources web statiques avec wro4j',
                  'http://goo.gl/8MVqF',
                  298,
                  'http://blog.ippon.fr/2012/02/27/optimiser-ses-resources-web-statiques-avec-wro4j/');INSERT INTO link (id,
                  creation_date,
                  description,
                  domain,
                  locked,
                  note,
                  read,
                  title,
                  url,
                  user_id,
                  original_url)
        VALUES (
                  213,
                  TO_TIMESTAMP ('09/28/2001 01:00:00.00',
                                'MM/DD/YYYY fmHH24fm:MI:SS.FF'),
                  'Youve been coding for a while now and know your way around a CSS file. Youre certainly no master, but with enough fiddling you can get where you want to go. Youre wondering though if youll ever ge',
                  'designshack.net',
                  NULL,
                  0,
                  FALSE,
                  '5 Steps to Drastically Improve Your CSS Knowledge in 24 Hours | Design Shack',
                  'http://goo.gl/u3rfU',
                  298,
                  'http://designshack.net/articles/css/5-steps-to-drastically-improve-your-css-knowledge-in-24-hours/');INSERT INTO link (id,
                  creation_date,
                  description,
                  domain,
                  locked,
                  note,
                  read,
                  title,
                  url,
                  user_id,
                  original_url)
        VALUES (
                  203,
                  TO_TIMESTAMP ('09/28/2001 01:00:00.00',
                                'MM/DD/YYYY fmHH24fm:MI:SS.FF'),
                  NULL,
                  'www.bugz.fr',
                  NULL,
                  0,
                  TRUE,
                  'Convertir une police d''criture en .ttf .eot ou .woff',
                  'http://goo.gl/JwBrs',
                  298,
                  'http://www.bugz.fr/2011/06/comment-convertir-une-font-en-ttf-eot-woff-svg/');INSERT INTO link (id,
                  creation_date,
                  description,
                  domain,
                  locked,
                  note,
                  read,
                  title,
                  url,
                  user_id,
                  original_url)
        VALUES (
                  342,
                  TO_TIMESTAMP ('09/28/2001 01:00:00.00',
                                'MM/DD/YYYY fmHH24fm:MI:SS.FF'),
                  NULL,
                  'goo.gl',
                  NULL,
                  4,
                  TRUE,
                  'w4dl',
                  'http://goo.gl/w4dl',
                  298,
                  'http://goo.gl/w4dl');INSERT INTO link (id,
                  creation_date,
                  description,
                  domain,
                  locked,
                  note,
                  read,
                  title,
                  url,
                  user_id,
                  original_url)
        VALUES (
                  92,
                  TO_TIMESTAMP ('09/28/2001 01:00:00.00',
                                'MM/DD/YYYY fmHH24fm:MI:SS.FF'),
                  'This article provides practical examples for 50 most frequently used commands in Linux / UNIX. This is not a comprehensive list by any means, but this shou',
                  'www.thegeekstuff.com',
                  NULL,
                  0,
                  TRUE,
                  '50 Most Frequently Used UNIX / Linux Commands (With Examples)',
                  'http://goo.gl/gefin',
                  298,
                  'http://www.thegeekstuff.com/2010/11/50-linux-commands/');INSERT INTO link (id,
                  creation_date,
                  description,
                  domain,
                  locked,
                  note,
                  read,
                  title,
                  url,
                  user_id,
                  original_url)
        VALUES (
                  291,
                  TO_TIMESTAMP ('09/28/2001 01:00:00.00',
                                'MM/DD/YYYY fmHH24fm:MI:SS.FF'),
                  NULL,
                  'goo.gl',
                  NULL,
                  5,
                  TRUE,
                  'PMCR',
                  'http://goo.gl/PMCR',
                  298,
                  'http://goo.gl/PMCR');INSERT INTO link (id,
                  creation_date,
                  description,
                  domain,
                  locked,
                  note,
                  read,
                  title,
                  url,
                  user_id,
                  original_url)
        VALUES (
                  49,
                  TO_TIMESTAMP ('09/28/2001 01:00:00.00',
                                'MM/DD/YYYY fmHH24fm:MI:SS.FF'),
                  'Alex Payne, co-author of the Programming Scala, talks about the advantages of using Scala.',
                  'radar.oreilly.com',
                  NULL,
                  0,
                  FALSE,
                  'Why use Scala - O''Reilly Radar',
                  'http://goo.gl/nlk49',
                  298,
                  'http://radar.oreilly.com/2012/06/why-use-scala.html');INSERT INTO link (id,
                  creation_date,
                  description,
                  domain,
                  locked,
                  note,
                  read,
                  title,
                  url,
                  user_id,
                  original_url)
        VALUES (
                  46,
                  TO_TIMESTAMP ('09/28/2001 01:00:00.00',
                                'MM/DD/YYYY fmHH24fm:MI:SS.FF'),
                  'Scala pattern matching with practical examples',
                  'dzone.com',
                  NULL,
                  0,
                  FALSE,
                  'Scala Topics :: Scala pattern matching: A Case for new thinking?',
                  'http://goo.gl/c0dJl',
                  298,
                  'https://dzone.com/links/scala_topics_scala_pattern_matching_a_case_for_ne.html');INSERT INTO link (id,
                  creation_date,
                  description,
                  domain,
                  locked,
                  note,
                  read,
                  title,
                  url,
                  user_id,
                  original_url)
        VALUES (
                  53,
                  TO_TIMESTAMP ('09/28/2001 01:00:00.00',
                                'MM/DD/YYYY fmHH24fm:MI:SS.FF'),
                  'Continuously growing collection of Java programming tips and best practices, Updates from Java J2EE world, Articles and tutorials on various JEE frameworks and technologies, UML, Design Patterns, Desi',
                  'www.javagyan.com',
                  NULL,
                  0,
                  FALSE,
                  'Architect''s Diary',
                  'http://goo.gl/cNE3j',
                  298,
                  'http://www.javagyan.com/');INSERT INTO link (id,
                  creation_date,
                  description,
                  domain,
                  locked,
                  note,
                  read,
                  title,
                  url,
                  user_id,
                  original_url)
        VALUES (
                  31,
                  TO_TIMESTAMP ('09/28/2001 01:00:00.00',
                                'MM/DD/YYYY fmHH24fm:MI:SS.FF'),
                  'In this article we introduce Spring Integration. If you have not worked with Spring Integration before, it might help to brush up on Enterprise Integration...',
                  'dzone.com',
                  NULL,
                  0,
                  FALSE,
                  'Introducing Spring Integration - DZone Java',
                  'http://goo.gl/VRl8Z',
                  298,
                  'https://dzone.com/articles/introducing-spring-integration');INSERT INTO link (id,
                  creation_date,
                  description,
                  domain,
                  locked,
                  note,
                  read,
                  title,
                  url,
                  user_id,
                  original_url)
        VALUES (
                  37,
                  TO_TIMESTAMP ('09/28/2001 01:00:00.00',
                                'MM/DD/YYYY fmHH24fm:MI:SS.FF'),
                  NULL,
                  'www.gwtproject.org',
                  NULL,
                  0,
                  FALSE,
                  'GWT Project',
                  'http://goo.gl/q1sGZ',
                  298,
                  'http://www.gwtproject.org/doc/latest/DevGuide');INSERT INTO link (id,
                  creation_date,
                  description,
                  domain,
                  locked,
                  note,
                  read,
                  title,
                  url,
                  user_id,
                  original_url)
        VALUES (
                  58,
                  TO_TIMESTAMP ('09/28/2001 01:00:00.00',
                                'MM/DD/YYYY fmHH24fm:MI:SS.FF'),
                  'The purpose of this JavaScript Training Course, as the name implies, is to cover the details of the JavaScript language. The reason we need this is that JavaScript is a core language for web developme',
                  'mrbool.com',
                  NULL,
                  0,
                  FALSE,
                  'JavaScript Training Course - Mr.Bool Courses',
                  'http://goo.gl/HfB2f',
                  298,
                  'http://mrbool.com/course/course-javascript/238');INSERT INTO link (id,
                  creation_date,
                  description,
                  domain,
                  locked,
                  note,
                  read,
                  title,
                  url,
                  user_id,
                  original_url)
        VALUES (
                  45,
                  TO_TIMESTAMP ('09/28/2001 01:00:00.00',
                                'MM/DD/YYYY fmHH24fm:MI:SS.FF'),
                  'Object Oriented Design Principles are core of OOPS programming but I have seen most of Java programmer chasing design patterns like Singleton pattern, Decorator...',
                  'dzone.com',
                  NULL,
                  0,
                  FALSE,
                  '10 Object Oriented Design principles Java programmer should know',
                  'http://goo.gl/cmMyB',
                  298,
                  'https://dzone.com/links/10_object_oriented_design_principles_java_program.html');INSERT INTO link (id,
                  creation_date,
                  description,
                  domain,
                  locked,
                  note,
                  read,
                  title,
                  url,
                  user_id,
                  original_url)
        VALUES (
                  60,
                  TO_TIMESTAMP ('09/28/2001 01:00:00.00',
                                'MM/DD/YYYY fmHH24fm:MI:SS.FF'),
                  'I''m fed up with unit testing ! It''s 2012 and my first resolution of the year is to finally tell the truth about testing : unit testing is pretty much useless when your code runs inside a container. Ho',
                  'antoniogoncalves.org',
                  NULL,
                  0,
                  FALSE,
                  'WYTIWYR : What You Test Is What You Run  Antonio''s Blog',
                  'http://goo.gl/eGajs',
                  298,
                  'http://antoniogoncalves.org/2012/01/16/wytiwyr-what-you-test-is-what-you-run/');INSERT INTO link (id,
                  creation_date,
                  description,
                  domain,
                  locked,
                  note,
                  read,
                  title,
                  url,
                  user_id,
                  original_url)
        VALUES (
                  50,
                  TO_TIMESTAMP ('09/28/2001 01:00:00.00',
                                'MM/DD/YYYY fmHH24fm:MI:SS.FF'),
                  'writings - My blog posts',
                  'github.com',
                  NULL,
                  0,
                  FALSE,
                  'writings/understanding-backbone.md at master  kjbekkelund/writings  GitHub',
                  'http://goo.gl/WmAa1',
                  298,
                  'https://github.com/kjbekkelund/writings/blob/master/published/understanding-backbone.md/');INSERT INTO link (id,
                  creation_date,
                  description,
                  domain,
                  locked,
                  note,
                  read,
                  title,
                  url,
                  user_id,
                  original_url)
        VALUES (
                  62,
                  TO_TIMESTAMP ('09/28/2001 01:00:00.00',
                                'MM/DD/YYYY fmHH24fm:MI:SS.FF'),
                  'Hunter Blanks gave this talk at PhillyAWS meeting. http://github.com/hblanks/talks/',
                  'www.slideshare.net',
                  NULL,
                  0,
                  FALSE,
                  'Getting started with Hadoop, Hive, and Elastic MapReduce',
                  'http://goo.gl/fBsNA',
                  298,
                  'http://www.slideshare.net/obdit/getting-started-with-hadoop-hive-and-elastic-mapreduce');INSERT INTO link (id,
                  creation_date,
                  description,
                  domain,
                  locked,
                  note,
                  read,
                  title,
                  url,
                  user_id,
                  original_url)
        VALUES (
                  57,
                  TO_TIMESTAMP ('09/28/2001 01:00:00.00',
                                'MM/DD/YYYY fmHH24fm:MI:SS.FF'),
                  '1. OverviewThis is the third of a series of articles about Persistence with Spring. This article will focus on the configuration and implementation of Spring...',
                  'dzone.com',
                  NULL,
                  0,
                  FALSE,
                  'The Persistence Layer with Spring 3.1 and JPA - DZone Database',
                  'http://goo.gl/E9WZs',
                  298,
                  'https://dzone.com/articles/persistence-layer-spring-31-0');INSERT INTO link (id,
                  creation_date,
                  description,
                  domain,
                  locked,
                  note,
                  read,
                  title,
                  url,
                  user_id,
                  original_url)
        VALUES (
                  75,
                  TO_TIMESTAMP ('09/28/2001 01:00:00.00',
                                'MM/DD/YYYY fmHH24fm:MI:SS.FF'),
                  'A Tutorial on JSTL Core Tags',
                  'www.a2ztechguide.com',
                  NULL,
                  0,
                  FALSE,
                  'A Tutorial on JSTL Core Tags | Programming | Tutorials | How to | Java | JavaScript | AJAX | Oracle ',
                  'http://goo.gl/FRoVo',
                  298,
                  'http://www.a2ztechguide.com/2011/09/tutorial-on-jstl-core-tags.html');INSERT INTO link (id,
                  creation_date,
                  description,
                  domain,
                  locked,
                  note,
                  read,
                  title,
                  url,
                  user_id,
                  original_url)
        VALUES (
                  77,
                  TO_TIMESTAMP ('09/28/2001 01:00:00.00',
                                'MM/DD/YYYY fmHH24fm:MI:SS.FF'),
                  NULL,
                  'blog.goyello.com',
                  NULL,
                  0,
                  FALSE,
                  'How to use Domain-Driven Design to better understand the business',
                  'http://goo.gl/WQE1H',
                  298,
                  'http://blog.goyello.com/2011/12/18/introduction-to-domain-driven-design/');INSERT INTO link (id,
                  creation_date,
                  description,
                  domain,
                  locked,
                  note,
                  read,
                  title,
                  url,
                  user_id,
                  original_url)
        VALUES (
                  88,
                  TO_TIMESTAMP ('09/28/2001 01:00:00.00',
                                'MM/DD/YYYY fmHH24fm:MI:SS.FF'),
                  'A Guide to JavaScript''s Quirks and Flaws.',
                  'bonsaiden.github.io',
                  NULL,
                  0,
                  FALSE,
                  'JavaScript Garden',
                  'http://goo.gl/o6FGo',
                  298,
                  'http://bonsaiden.github.io/JavaScript-Garden/?=');INSERT INTO link (id,
                  creation_date,
                  description,
                  domain,
                  locked,
                  note,
                  read,
                  title,
                  url,
                  user_id,
                  original_url)
        VALUES (
                  64,
                  TO_TIMESTAMP ('09/28/2001 01:00:00.00',
                                'MM/DD/YYYY fmHH24fm:MI:SS.FF'),
                  'Scott Leberknight presents on Hadoop. Code samples: https://github.com/sleberknight/basic-hadoop-examples Hadoop is an open source framework maintained by th...',
                  'www.youtube.com',
                  NULL,
                  0,
                  FALSE,
                  'Hadoop - YouTube',
                  'http://goo.gl/EKgNN',
                  298,
                  'https://www.youtube.com/watch?v=EIS-CcdmLe0');INSERT INTO link (id,
                  creation_date,
                  description,
                  domain,
                  locked,
                  note,
                  read,
                  title,
                  url,
                  user_id,
                  original_url)
        VALUES (
                  65,
                  TO_TIMESTAMP ('09/28/2001 01:00:00.00',
                                'MM/DD/YYYY fmHH24fm:MI:SS.FF'),
                  NULL,
                  'goo.gl',
                  NULL,
                  0,
                  FALSE,
                  'Yp5d7',
                  'http://goo.gl/Yp5d7',
                  298,
                  'http://goo.gl/Yp5d7');INSERT INTO link (id,
                  creation_date,
                  description,
                  domain,
                  locked,
                  note,
                  read,
                  title,
                  url,
                  user_id,
                  original_url)
        VALUES (
                  66,
                  TO_TIMESTAMP ('09/28/2001 01:00:00.00',
                                'MM/DD/YYYY fmHH24fm:MI:SS.FF'),
                  'CSS & CSS3 tools and resources you need to be aware of as a web designer/developer. You can check here what CSS3 features Internet Explorer supports. ',
                  'dzone.com',
                  NULL,
                  0,
                  FALSE,
                  'Must Know CSS and CSS3 Resources and Tools',
                  'http://goo.gl/bgK4c',
                  298,
                  'https://dzone.com/links/must_know_css_and_css3_resources_and_tools.html');INSERT INTO link (id,
                  creation_date,
                  description,
                  domain,
                  locked,
                  note,
                  read,
                  title,
                  url,
                  user_id,
                  original_url)
        VALUES (
                  67,
                  TO_TIMESTAMP ('09/28/2001 01:00:00.00',
                                'MM/DD/YYYY fmHH24fm:MI:SS.FF'),
                  'Rich Clark, one of the HTML5 Doctors, gets under the hood of the APIs that form the bulk of the HTML5 spec and tells us about their purpose and progress',
                  'dzone.com',
                  NULL,
                  0,
                  FALSE,
                  'The developers guide to the HTML5 APIs',
                  'http://goo.gl/lGycb',
                  298,
                  'https://dzone.com/links/the_developers_guide_to_the_html5_apis.html');INSERT INTO link (id,
                  creation_date,
                  description,
                  domain,
                  locked,
                  note,
                  read,
                  title,
                  url,
                  user_id,
                  original_url)
        VALUES (
                  95,
                  TO_TIMESTAMP ('09/28/2001 01:00:00.00',
                                'MM/DD/YYYY fmHH24fm:MI:SS.FF'),
                  'JavaScript patterns and antipatterns collection',
                  'shichuan.github.io',
                  NULL,
                  0,
                  FALSE,
                  'JavaScript Patterns',
                  'http://goo.gl/XgfQJ',
                  298,
                  'http://shichuan.github.io/javascript-patterns/');INSERT INTO link (id,
                  creation_date,
                  description,
                  domain,
                  locked,
                  note,
                  read,
                  title,
                  url,
                  user_id,
                  original_url)
        VALUES (
                  96,
                  TO_TIMESTAMP ('09/28/2001 01:00:00.00',
                                'MM/DD/YYYY fmHH24fm:MI:SS.FF'),
                  NULL,
                  'www.hascode.com',
                  NULL,
                  0,
                  FALSE,
                  'hasCode.com  Blog Archive  JPA Persistence and Lucene Indexing combined in Hibernate Search',
                  'http://goo.gl/Flrmc',
                  298,
                  'http://www.hascode.com/2012/02/jpa-persistence-and-lucene-indexing-combined-in-hibernate-search/');INSERT INTO link (id,
                  creation_date,
                  description,
                  domain,
                  locked,
                  note,
                  read,
                  title,
                  url,
                  user_id,
                  original_url)
        VALUES (
                  104,
                  TO_TIMESTAMP ('09/28/2001 01:00:00.00',
                                'MM/DD/YYYY fmHH24fm:MI:SS.FF'),
                  NULL,
                  'html5-tutorial.fr',
                  NULL,
                  0,
                  FALSE,
                  'Play  Fonctionnement gnral et cycle de vie dune requte HTTP | HTML5 Tutorial',
                  'http://goo.gl/rFs0W',
                  298,
                  'http://html5-tutorial.fr/play-fonctionnement-general-et-cycle-de-vie-dune-requete-http/');INSERT INTO link (id,
                  creation_date,
                  description,
                  domain,
                  locked,
                  note,
                  read,
                  title,
                  url,
                  user_id,
                  original_url)
        VALUES (
                  363,
                  TO_TIMESTAMP ('09/28/2001 01:00:00.00',
                                'MM/DD/YYYY fmHH24fm:MI:SS.FF'),
                  NULL,
                  'www.les-crises.fr',
                  NULL,
                  0,
                  FALSE,
                  ' 0402 La prolifration de la nouvelle science financire',
                  'http://goo.gl/fJPOY',
                  283,
                  'http://www.les-crises.fr/proliferation-science-finance/');INSERT INTO link (id,
                  creation_date,
                  description,
                  domain,
                  locked,
                  note,
                  read,
                  title,
                  url,
                  user_id,
                  original_url)
        VALUES (
                  29,
                  TO_TIMESTAMP ('09/28/2001 01:00:00.00',
                                'MM/DD/YYYY fmHH24fm:MI:SS.FF'),
                  'Introduction  Apache JMeter, un outil de test de monte en charge - partie 1',
                  'arodrigues.developpez.com',
                  NULL,
                  0,
                  FALSE,
                  'Introduction  Apache JMeter, un outil de test de monte en charge - partie 1',
                  'http://goo.gl/7qXt1',
                  298,
                  'http://arodrigues.developpez.com/tutoriels/java/presentation-apache-jmeter-partie1/');INSERT INTO link (id,
                  creation_date,
                  description,
                  domain,
                  locked,
                  note,
                  read,
                  title,
                  url,
                  user_id,
                  original_url)
        VALUES (
                  100,
                  TO_TIMESTAMP ('09/28/2001 01:00:00.00',
                                'MM/DD/YYYY fmHH24fm:MI:SS.FF'),
                  NULL,
                  'goo.gl',
                  NULL,
                  0,
                  FALSE,
                  '8NPL9',
                  'http://goo.gl/8NPL9',
                  298,
                  'http://goo.gl/8NPL9');INSERT INTO link (id,
                  creation_date,
                  description,
                  domain,
                  locked,
                  note,
                  read,
                  title,
                  url,
                  user_id,
                  original_url)
        VALUES (
                  134,
                  TO_TIMESTAMP ('09/28/2001 01:00:00.00',
                                'MM/DD/YYYY fmHH24fm:MI:SS.FF'),
                  NULL,
                  'blog.zenika.com',
                  NULL,
                  0,
                  FALSE,
                  'Tester une application JavaEE avec Arquillian',
                  'http://goo.gl/SLI0X',
                  298,
                  'http://blog.zenika.com/2012/02/28/Tester-une-application-JavaEE-avec-Arquillian/');INSERT INTO link (id,
                  creation_date,
                  description,
                  domain,
                  locked,
                  note,
                  read,
                  title,
                  url,
                  user_id,
                  original_url)
        VALUES (
                  110,
                  TO_TIMESTAMP ('09/28/2001 01:00:00.00',
                                'MM/DD/YYYY fmHH24fm:MI:SS.FF'),
                  NULL,
                  'goo.gl',
                  NULL,
                  0,
                  FALSE,
                  'Awzax',
                  'http://goo.gl/Awzax',
                  298,
                  'http://goo.gl/Awzax');INSERT INTO link (id,
                  creation_date,
                  description,
                  domain,
                  locked,
                  note,
                  read,
                  title,
                  url,
                  user_id,
                  original_url)
        VALUES (
                  140,
                  TO_TIMESTAMP ('09/28/2001 01:00:00.00',
                                'MM/DD/YYYY fmHH24fm:MI:SS.FF'),
                  NULL,
                  'cleancodedevelopment-qualityseal.blogspot.fr',
                  NULL,
                  0,
                  FALSE,
                  'Clean Code Development - Quality Seal: How to eliminate If-Statements and InstanceOf with the Visito',
                  'http://goo.gl/hy5AL',
                  298,
                  'http://cleancodedevelopment-qualityseal.blogspot.fr/2012/02/how-to-eliminate-if-statements-and.html');INSERT INTO link (id,
                  creation_date,
                  description,
                  domain,
                  locked,
                  note,
                  read,
                  title,
                  url,
                  user_id,
                  original_url)
        VALUES (
                  147,
                  TO_TIMESTAMP ('09/28/2001 01:00:00.00',
                                'MM/DD/YYYY fmHH24fm:MI:SS.FF'),
                  NULL,
                  'www.smashinglabs.pl',
                  NULL,
                  0,
                  FALSE,
                  'Three.js Tetris tutorial : Smashinglabs',
                  'http://goo.gl/mhFXf',
                  298,
                  'http://www.smashinglabs.pl/three-js-tetris-tutorial');INSERT INTO link (id,
                  creation_date,
                  description,
                  domain,
                  locked,
                  note,
                  read,
                  title,
                  url,
                  user_id,
                  original_url)
        VALUES (
                  152,
                  TO_TIMESTAMP ('09/28/2001 01:00:00.00',
                                'MM/DD/YYYY fmHH24fm:MI:SS.FF'),
                  '(permanently in beta)',
                  'www.codecommit.com',
                  NULL,
                  0,
                  FALSE,
                  'Scala for Java Refugees Part 1: main(String[]) - Code Commit',
                  'http://goo.gl/HMkX',
                  298,
                  'http://www.codecommit.com/blog/scala/scala-for-java-refugees-part-1');INSERT INTO link (id,
                  creation_date,
                  description,
                  domain,
                  locked,
                  note,
                  read,
                  title,
                  url,
                  user_id,
                  original_url)
        VALUES (
                  155,
                  TO_TIMESTAMP ('09/28/2001 01:00:00.00',
                                'MM/DD/YYYY fmHH24fm:MI:SS.FF'),
                  NULL,
                  'html5-tutorial.fr',
                  NULL,
                  0,
                  FALSE,
                  'Grer ses dpendances JavaScript avec Google Closure Compiler / Library (1 / 2) | HTML5 Tutorial',
                  'http://goo.gl/7H9jR',
                  298,
                  'http://html5-tutorial.fr/gerer-ses-dependances-javascript-avec-google-closure-compiler-library-1-2/');INSERT INTO link (id,
                  creation_date,
                  description,
                  domain,
                  locked,
                  note,
                  read,
                  title,
                  url,
                  user_id,
                  original_url)
        VALUES (
                  159,
                  TO_TIMESTAMP ('09/28/2001 01:00:00.00',
                                'MM/DD/YYYY fmHH24fm:MI:SS.FF'),
                  NULL,
                  'zeroturnaround.com',
                  NULL,
                  0,
                  FALSE,
                  'Scala: Sink or Swim? Part 1 | zeroturnaround.com',
                  'http://goo.gl/HMyWs',
                  298,
                  'http://zeroturnaround.com/rebellabs/scala-sink-or-swim-part-1/');INSERT INTO link (id,
                  creation_date,
                  description,
                  domain,
                  locked,
                  note,
                  read,
                  title,
                  url,
                  user_id,
                  original_url)
        VALUES (
                  172,
                  TO_TIMESTAMP ('09/28/2001 01:00:00.00',
                                'MM/DD/YYYY fmHH24fm:MI:SS.FF'),
                  NULL,
                  'thecodeplayer.com',
                  NULL,
                  0,
                  FALSE,
                  'Make a particle system in HTML5 canvas',
                  'http://goo.gl/j90EB',
                  298,
                  'http://thecodeplayer.com/walkthrough/make-a-particle-system-in-html5-canvas?utm_source=html5weekly&utm_medium=email');INSERT INTO link (id,
                  creation_date,
                  description,
                  domain,
                  locked,
                  note,
                  read,
                  title,
                  url,
                  user_id,
                  original_url)
        VALUES (
                  173,
                  TO_TIMESTAMP ('09/28/2001 01:00:00.00',
                                'MM/DD/YYYY fmHH24fm:MI:SS.FF'),
                  NULL,
                  'html5-tutorial.fr',
                  NULL,
                  0,
                  FALSE,
                  'JavaScript  Gestion des Error / Exception de manire globale | HTML5 Tutorial',
                  'http://goo.gl/z3SWM',
                  298,
                  'http://html5-tutorial.fr/javascript-gestion-des-error-exception-de-maniere-globale/?utm_source=twitterfeed&utm_medium=twitter');INSERT INTO link (id,
                  creation_date,
                  description,
                  domain,
                  locked,
                  note,
                  read,
                  title,
                  url,
                  user_id,
                  original_url)
        VALUES (
                  175,
                  TO_TIMESTAMP ('09/28/2001 01:00:00.00',
                                'MM/DD/YYYY fmHH24fm:MI:SS.FF'),
                  NULL,
                  'gent.ilcore.com',
                  NULL,
                  0,
                  FALSE,
                  'Fastersite: Finding memory leaks',
                  'http://goo.gl/YJa5t',
                  298,
                  'http://gent.ilcore.com/2011/08/finding-memory-leaks.html');INSERT INTO link (id,
                  creation_date,
                  description,
                  domain,
                  locked,
                  note,
                  read,
                  title,
                  url,
                  user_id,
                  original_url)
        VALUES (
                  178,
                  TO_TIMESTAMP ('09/28/2001 01:00:00.00',
                                'MM/DD/YYYY fmHH24fm:MI:SS.FF'),
                  'Interactive Typography Effects with HTML5',
                  'tympanus.net',
                  NULL,
                  0,
                  FALSE,
                  'Interactive Typography Effects with HTML5',
                  'http://goo.gl/PfEKS',
                  298,
                  'http://tympanus.net/Tutorials/InteractiveTypographyEffects/index4.html');INSERT INTO link (id,
                  creation_date,
                  description,
                  domain,
                  locked,
                  note,
                  read,
                  title,
                  url,
                  user_id,
                  original_url)
        VALUES (
                  180,
                  TO_TIMESTAMP ('09/28/2001 01:00:00.00',
                                'MM/DD/YYYY fmHH24fm:MI:SS.FF'),
                  NULL,
                  'eclectic.eklablog.com',
                  NULL,
                  0,
                  FALSE,
                  'Comment j''analyse votre CV ? - EclecTIC',
                  'http://goo.gl/ghXoe',
                  298,
                  'http://eclectic.eklablog.com/comment-j-analyse-votre-cv-a45632030');INSERT INTO link (id,
                  creation_date,
                  description,
                  domain,
                  locked,
                  note,
                  read,
                  title,
                  url,
                  user_id,
                  original_url)
        VALUES (
                  187,
                  TO_TIMESTAMP ('09/28/2001 01:00:00.00',
                                'MM/DD/YYYY fmHH24fm:MI:SS.FF'),
                  NULL,
                  'blog.leneghan.com',
                  NULL,
                  0,
                  FALSE,
                  'Hacking Away: Scala Dojo 01 - The MailBox',
                  'http://goo.gl/PDCiR',
                  298,
                  'http://blog.leneghan.com/2012/03/scala-dojo-01-mailbox.html');INSERT INTO link (id,
                  creation_date,
                  description,
                  domain,
                  locked,
                  note,
                  read,
                  title,
                  url,
                  user_id,
                  original_url)
        VALUES (
                  194,
                  TO_TIMESTAMP ('09/28/2001 01:00:00.00',
                                'MM/DD/YYYY fmHH24fm:MI:SS.FF'),
                  NULL,
                  'media.wiley.com',
                  NULL,
                  0,
                  FALSE,
                  '9781118243916 custom',
                  'http://goo.gl/IR8M6',
                  298,
                  'http://media.wiley.com/assets/7027/17/9781118243916_custom.pdf');INSERT INTO link (id,
                  creation_date,
                  description,
                  domain,
                  locked,
                  note,
                  read,
                  title,
                  url,
                  user_id,
                  original_url)
        VALUES (
                  204,
                  TO_TIMESTAMP ('09/28/2001 01:00:00.00',
                                'MM/DD/YYYY fmHH24fm:MI:SS.FF'),
                  'Tech News Delivered Daily',
                  'skytechgeek.com',
                  NULL,
                  0,
                  FALSE,
                  '30 Best Google Chrome Extensions for Web Developers SkyTechGeek',
                  'http://goo.gl/Fnf9q',
                  298,
                  'http://skytechgeek.com/2012/04/30-best-google-chrome-extensions-for-web-developers/');INSERT INTO link (id,
                  creation_date,
                  description,
                  domain,
                  locked,
                  note,
                  read,
                  title,
                  url,
                  user_id,
                  original_url)
        VALUES (
                  208,
                  TO_TIMESTAMP ('09/28/2001 01:00:00.00',
                                'MM/DD/YYYY fmHH24fm:MI:SS.FF'),
                  'Here you can browse through all our GIMP tutorials.',
                  'www.gimpusers.com',
                  NULL,
                  0,
                  FALSE,
                  'Tutorial overview  gimpusers.com',
                  'http://goo.gl/re9EK',
                  298,
                  'http://www.gimpusers.com/tutorials');INSERT INTO link (id,
                  creation_date,
                  description,
                  domain,
                  locked,
                  note,
                  read,
                  title,
                  url,
                  user_id,
                  original_url)
        VALUES (
                  216,
                  TO_TIMESTAMP ('09/28/2001 01:00:00.00',
                                'MM/DD/YYYY fmHH24fm:MI:SS.FF'),
                  'Cet article explique comment manipuler les callbacks avec la librairie JavaScript jQuery.',
                  'fguillot.developpez.com',
                  NULL,
                  0,
                  FALSE,
                  'Manipulation des callbacks avec jQuery',
                  'http://goo.gl/HVI9Z',
                  298,
                  'http://fguillot.developpez.com/tutoriels/javascript/manipulation-callbacks-avec-jquery/');INSERT INTO link (id,
                  creation_date,
                  description,
                  domain,
                  locked,
                  note,
                  read,
                  title,
                  url,
                  user_id,
                  original_url)
        VALUES (
                  223,
                  TO_TIMESTAMP ('09/28/2001 01:00:00.00',
                                'MM/DD/YYYY fmHH24fm:MI:SS.FF'),
                  NULL,
                  'kineticjs.com',
                  NULL,
                  0,
                  FALSE,
                  'KineticJS',
                  'http://goo.gl/p8eJB',
                  298,
                  'http://kineticjs.com/');INSERT INTO link (id,
                  creation_date,
                  description,
                  domain,
                  locked,
                  note,
                  read,
                  title,
                  url,
                  user_id,
                  original_url)
        VALUES (
                  165,
                  TO_TIMESTAMP ('09/28/2001 01:00:00.00',
                                'MM/DD/YYYY fmHH24fm:MI:SS.FF'),
                  NULL,
                  'blog.zenika.com',
                  NULL,
                  0,
                  FALSE,
                  'Page non trouve',
                  'http://goo.gl/k5Epy',
                  298,
                  'http://blog.zenika.com/2012/02/21/Introduction-au-framework-Camel-Partie-2/');INSERT INTO link (id,
                  creation_date,
                  description,
                  domain,
                  locked,
                  note,
                  read,
                  title,
                  url,
                  user_id,
                  original_url)
        VALUES (
                  119,
                  TO_TIMESTAMP ('09/28/2001 01:00:00.00',
                                'MM/DD/YYYY fmHH24fm:MI:SS.FF'),
                  NULL,
                  'blog.zenika.com',
                  NULL,
                  0,
                  FALSE,
                  'Neo4j la base de donnes graphe',
                  'http://goo.gl/Y1M8U',
                  298,
                  'http://blog.zenika.com/2012/02/21/Neo4j-la-base-de-donnees-graphe/');INSERT INTO link (id,
                  creation_date,
                  description,
                  domain,
                  locked,
                  note,
                  read,
                  title,
                  url,
                  user_id,
                  original_url)
        VALUES (
                  109,
                  TO_TIMESTAMP ('09/28/2001 01:00:00.00',
                                'MM/DD/YYYY fmHH24fm:MI:SS.FF'),
                  NULL,
                  'goo.gl',
                  NULL,
                  0,
                  FALSE,
                  '8HmAE',
                  'http://goo.gl/8HmAE',
                  298,
                  'http://goo.gl/8HmAE');INSERT INTO link (id,
                  creation_date,
                  description,
                  domain,
                  locked,
                  note,
                  read,
                  title,
                  url,
                  user_id,
                  original_url)
        VALUES (
                  111,
                  TO_TIMESTAMP ('09/28/2001 01:00:00.00',
                                'MM/DD/YYYY fmHH24fm:MI:SS.FF'),
                  NULL,
                  'goo.gl',
                  NULL,
                  0,
                  FALSE,
                  'fUqhp',
                  'http://goo.gl/fUqhp',
                  298,
                  'http://goo.gl/fUqhp');INSERT INTO link (id,
                  creation_date,
                  description,
                  domain,
                  locked,
                  note,
                  read,
                  title,
                  url,
                  user_id,
                  original_url)
        VALUES (
                  115,
                  TO_TIMESTAMP ('09/28/2001 01:00:00.00',
                                'MM/DD/YYYY fmHH24fm:MI:SS.FF'),
                  NULL,
                  'lostechies.com',
                  NULL,
                  0,
                  FALSE,
                  '?utm source=feedburner&utm medium=feed&utm campaign=Feed%3A+LosTechies+(LosTechies)&utm content=Goog',
                  'http://goo.gl/XuFDu',
                  298,
                  'https://lostechies.com/derekgreer/2012/02/17/javascript-closures-explained/?utm_source=feedburner&utm_medium=feed&utm_campaign=Feed%3A+LosTechies+(LosTechies)&utm_content=Google+Reader');INSERT INTO link (id,
                  creation_date,
                  description,
                  domain,
                  locked,
                  note,
                  read,
                  title,
                  url,
                  user_id,
                  original_url)
        VALUES (
                  118,
                  TO_TIMESTAMP ('09/28/2001 01:00:00.00',
                                'MM/DD/YYYY fmHH24fm:MI:SS.FF'),
                  NULL,
                  'goo.gl',
                  NULL,
                  0,
                  FALSE,
                  '2G4l5',
                  'http://goo.gl/2G4l5',
                  298,
                  'http://goo.gl/2G4l5');INSERT INTO link (id,
                  creation_date,
                  description,
                  domain,
                  locked,
                  note,
                  read,
                  title,
                  url,
                  user_id,
                  original_url)
        VALUES (
                  131,
                  TO_TIMESTAMP ('09/28/2001 01:00:00.00',
                                'MM/DD/YYYY fmHH24fm:MI:SS.FF'),
                  NULL,
                  'goo.gl',
                  NULL,
                  0,
                  FALSE,
                  'rV38N',
                  'http://goo.gl/rV38N',
                  298,
                  'http://goo.gl/rV38N');INSERT INTO link (id,
                  creation_date,
                  description,
                  domain,
                  locked,
                  note,
                  read,
                  title,
                  url,
                  user_id,
                  original_url)
        VALUES (
                  143,
                  TO_TIMESTAMP ('09/28/2001 01:00:00.00',
                                'MM/DD/YYYY fmHH24fm:MI:SS.FF'),
                  NULL,
                  'goo.gl',
                  NULL,
                  0,
                  FALSE,
                  'zXO3I',
                  'http://goo.gl/zXO3I',
                  298,
                  'http://goo.gl/zXO3I');INSERT INTO link (id,
                  creation_date,
                  description,
                  domain,
                  locked,
                  note,
                  read,
                  title,
                  url,
                  user_id,
                  original_url)
        VALUES (
                  145,
                  TO_TIMESTAMP ('09/28/2001 01:00:00.00',
                                'MM/DD/YYYY fmHH24fm:MI:SS.FF'),
                  NULL,
                  'goo.gl',
                  NULL,
                  0,
                  FALSE,
                  'V75tz',
                  'http://goo.gl/V75tz',
                  298,
                  'http://goo.gl/V75tz');INSERT INTO link (id,
                  creation_date,
                  description,
                  domain,
                  locked,
                  note,
                  read,
                  title,
                  url,
                  user_id,
                  original_url)
        VALUES (
                  149,
                  TO_TIMESTAMP ('09/28/2001 01:00:00.00',
                                'MM/DD/YYYY fmHH24fm:MI:SS.FF'),
                  'This is the second in a planned series of tutorials on programming in Scala for first-time programmers, with specific reference to my Fall 2011 course...',
                  'dzone.com',
                  NULL,
                  0,
                  FALSE,
                  'Scala Tutorial - Tuples, Lists, methods on Lists and Strings',
                  'http://goo.gl/rSB0G',
                  298,
                  'https://dzone.com/links/scala_tutorial_tuples_lists_methods_on_lists_and.html');INSERT INTO link (id,
                  creation_date,
                  description,
                  domain,
                  locked,
                  note,
                  read,
                  title,
                  url,
                  user_id,
                  original_url)
        VALUES (
                  151,
                  TO_TIMESTAMP ('09/28/2001 01:00:00.00',
                                'MM/DD/YYYY fmHH24fm:MI:SS.FF'),
                  NULL,
                  'goo.gl',
                  NULL,
                  0,
                  FALSE,
                  '8Lmct',
                  'http://goo.gl/8Lmct',
                  298,
                  'http://goo.gl/8Lmct');INSERT INTO link (id,
                  creation_date,
                  description,
                  domain,
                  locked,
                  note,
                  read,
                  title,
                  url,
                  user_id,
                  original_url)
        VALUES (
                  154,
                  TO_TIMESTAMP ('09/28/2001 01:00:00.00',
                                'MM/DD/YYYY fmHH24fm:MI:SS.FF'),
                  NULL,
                  'goo.gl',
                  NULL,
                  0,
                  FALSE,
                  'UveIK',
                  'http://goo.gl/UveIK',
                  298,
                  'http://goo.gl/UveIK');INSERT INTO link (id,
                  creation_date,
                  description,
                  domain,
                  locked,
                  note,
                  read,
                  title,
                  url,
                  user_id,
                  original_url)
        VALUES (
                  156,
                  TO_TIMESTAMP ('09/28/2001 01:00:00.00',
                                'MM/DD/YYYY fmHH24fm:MI:SS.FF'),
                  NULL,
                  'goo.gl',
                  NULL,
                  0,
                  FALSE,
                  'iH72G',
                  'http://goo.gl/iH72G',
                  298,
                  'http://goo.gl/iH72G');INSERT INTO link (id,
                  creation_date,
                  description,
                  domain,
                  locked,
                  note,
                  read,
                  title,
                  url,
                  user_id,
                  original_url)
        VALUES (
                  168,
                  TO_TIMESTAMP ('09/28/2001 01:00:00.00',
                                'MM/DD/YYYY fmHH24fm:MI:SS.FF'),
                  NULL,
                  'goo.gl',
                  NULL,
                  0,
                  FALSE,
                  'AjgnJ',
                  'http://goo.gl/AjgnJ',
                  298,
                  'http://goo.gl/AjgnJ');INSERT INTO link (id,
                  creation_date,
                  description,
                  domain,
                  locked,
                  note,
                  read,
                  title,
                  url,
                  user_id,
                  original_url)
        VALUES (
                  182,
                  TO_TIMESTAMP ('09/28/2001 01:00:00.00',
                                'MM/DD/YYYY fmHH24fm:MI:SS.FF'),
                  NULL,
                  'goo.gl',
                  NULL,
                  0,
                  FALSE,
                  'vlUbc',
                  'http://goo.gl/vlUbc',
                  298,
                  'http://goo.gl/vlUbc');INSERT INTO link (id,
                  creation_date,
                  description,
                  domain,
                  locked,
                  note,
                  read,
                  title,
                  url,
                  user_id,
                  original_url)
        VALUES (
                  184,
                  TO_TIMESTAMP ('09/28/2001 01:00:00.00',
                                'MM/DD/YYYY fmHH24fm:MI:SS.FF'),
                  NULL,
                  'goo.gl',
                  NULL,
                  0,
                  FALSE,
                  'DiaHX',
                  'http://goo.gl/DiaHX',
                  298,
                  'http://goo.gl/DiaHX');INSERT INTO link (id,
                  creation_date,
                  description,
                  domain,
                  locked,
                  note,
                  read,
                  title,
                  url,
                  user_id,
                  original_url)
        VALUES (
                  188,
                  TO_TIMESTAMP ('09/28/2001 01:00:00.00',
                                'MM/DD/YYYY fmHH24fm:MI:SS.FF'),
                  NULL,
                  'goo.gl',
                  NULL,
                  0,
                  FALSE,
                  'vmWjv',
                  'http://goo.gl/vmWjv',
                  298,
                  'http://goo.gl/vmWjv');INSERT INTO link (id,
                  creation_date,
                  description,
                  domain,
                  locked,
                  note,
                  read,
                  title,
                  url,
                  user_id,
                  original_url)
        VALUES (
                  199,
                  TO_TIMESTAMP ('09/28/2001 01:00:00.00',
                                'MM/DD/YYYY fmHH24fm:MI:SS.FF'),
                  NULL,
                  'goo.gl',
                  NULL,
                  0,
                  FALSE,
                  'iUeK0',
                  'http://goo.gl/iUeK0',
                  298,
                  'http://goo.gl/iUeK0');INSERT INTO link (id,
                  creation_date,
                  description,
                  domain,
                  locked,
                  note,
                  read,
                  title,
                  url,
                  user_id,
                  original_url)
        VALUES (
                  202,
                  TO_TIMESTAMP ('09/28/2001 01:00:00.00',
                                'MM/DD/YYYY fmHH24fm:MI:SS.FF'),
                  NULL,
                  'goo.gl',
                  NULL,
                  0,
                  FALSE,
                  'rp75m',
                  'http://goo.gl/rp75m',
                  298,
                  'http://goo.gl/rp75m');INSERT INTO link (id,
                  creation_date,
                  description,
                  domain,
                  locked,
                  note,
                  read,
                  title,
                  url,
                  user_id,
                  original_url)
        VALUES (
                  475,
                  TO_TIMESTAMP ('09/28/2001 01:00:00.00',
                                'MM/DD/YYYY fmHH24fm:MI:SS.FF'),
                  'KeePass is a very handy and useful desktop password manager. This article will show you how to integrate KeePass 2 with Chrome and Firefox in Ubuntu.',
                  'www.maketecheasier.com',
                  NULL,
                  0,
                  FALSE,
                  'How to Integrate KeePass With Chrome and Firefox in Ubuntu',
                  'http://goo.gl/kDqJ8P',
                  298,
                  'https://www.maketecheasier.com/integrate-keepass-with-browser-in-ubuntu/');INSERT INTO link (id,
                  creation_date,
                  description,
                  domain,
                  locked,
                  note,
                  read,
                  title,
                  url,
                  user_id,
                  original_url)
        VALUES (
                  306,
                  TO_TIMESTAMP ('09/28/2001 01:00:00.00',
                                'MM/DD/YYYY fmHH24fm:MI:SS.FF'),
                  'Cabinet de conseil Agile spcialis dans les technologies Big Data, Cloud, Web, Architectures Java et mobile',
                  'blog.xebia.fr',
                  NULL,
                  0,
                  FALSE,
                  'Le gestionnaire de cache de Guava | Blog Technique Xebia - Cabinet de conseil IT',
                  'http://goo.gl/WOVzy',
                  304,
                  'http://blog.xebia.fr/2013/03/13/le-gestionnaire-de-cache-de-guava/');INSERT INTO link (id,
                  creation_date,
                  description,
                  domain,
                  locked,
                  note,
                  read,
                  title,
                  url,
                  user_id,
                  original_url)
        VALUES (
                  227,
                  TO_TIMESTAMP ('09/28/2001 01:00:00.00',
                                'MM/DD/YYYY fmHH24fm:MI:SS.FF'),
                  NULL,
                  'zoomzum.com',
                  NULL,
                  0,
                  TRUE,
                  '13 Useful Graphics and Design Tools | ZoomZum',
                  'http://goo.gl/Sdfz7',
                  298,
                  'http://zoomzum.com/13-useful-graphics-and-design-tools/');INSERT INTO link (id,
                  creation_date,
                  description,
                  domain,
                  locked,
                  note,
                  read,
                  title,
                  url,
                  user_id,
                  original_url)
        VALUES (
                  225,
                  TO_TIMESTAMP ('09/28/2001 01:00:00.00',
                                'MM/DD/YYYY fmHH24fm:MI:SS.FF'),
                  NULL,
                  'hsrtech.com',
                  NULL,
                  0,
                  TRUE,
                  'Create reflection effect using CSS3 - HSR Technologies',
                  'http://goo.gl/nar5C',
                  298,
                  'http://hsrtech.com/css/create-reflection-effect-using-css3/');INSERT INTO link (id,
                  creation_date,
                  description,
                  domain,
                  locked,
                  note,
                  read,
                  title,
                  url,
                  user_id,
                  original_url)
        VALUES (
                  224,
                  TO_TIMESTAMP ('09/28/2001 01:00:00.00',
                                'MM/DD/YYYY fmHH24fm:MI:SS.FF'),
                  NULL,
                  'www.hascode.com',
                  NULL,
                  0,
                  TRUE,
                  'hasCode.com  Blog Archive  Arquillian Tutorial: Writing Java EE 6 Integration Tests and more..',
                  'http://goo.gl/wCoJi',
                  298,
                  'http://www.hascode.com/2012/04/arquillian-tutorial-writing-java-ee-6-integration-tests-and-more/');INSERT INTO link (id,
                  creation_date,
                  description,
                  domain,
                  locked,
                  note,
                  read,
                  title,
                  url,
                  user_id,
                  original_url)
        VALUES (
                  316,
                  TO_TIMESTAMP ('09/28/2001 01:00:00.00',
                                'MM/DD/YYYY fmHH24fm:MI:SS.FF'),
                  'Les joies du code, l''instant GIF des dveloppeurs - humour de dev',
                  'lesjoiesducode.fr',
                  NULL,
                  5,
                  TRUE,
                  'Les joies du code, l''instant GIF des dveloppeurs !',
                  'http://goo.gl/eHTMe',
                  283,
                  'http://lesjoiesducode.fr/#_=_');INSERT INTO link (id,
                  creation_date,
                  description,
                  domain,
                  locked,
                  note,
                  read,
                  title,
                  url,
                  user_id,
                  original_url)
        VALUES (
                  337,
                  TO_TIMESTAMP ('09/28/2001 01:00:00.00',
                                'MM/DD/YYYY fmHH24fm:MI:SS.FF'),
                  NULL,
                  'www.cssmatic.com',
                  NULL,
                  0,
                  TRUE,
                  'The ultimate CSS tools for web designers | CSSmatic',
                  'http://goo.gl/cIbnS',
                  298,
                  'http://www.cssmatic.com/');INSERT INTO link (id,
                  creation_date,
                  description,
                  domain,
                  locked,
                  note,
                  read,
                  title,
                  url,
                  user_id,
                  original_url)
        VALUES (
                  345,
                  TO_TIMESTAMP ('09/28/2001 01:00:00.00',
                                'MM/DD/YYYY fmHH24fm:MI:SS.FF'),
                  'Scott Gonzlez explains what BrowserStack offers for cross-browser testing, how debugging in BrowserStack works, and how to leverage its API.',
                  'www.infoq.com',
                  NULL,
                  0,
                  TRUE,
                  'Cross-Browser Testing with BrowserStack',
                  'http://goo.gl/w8B9d',
                  298,
                  'http://www.infoq.com/presentations/BrowserStack');INSERT INTO link (id,
                  creation_date,
                  description,
                  domain,
                  locked,
                  note,
                  read,
                  title,
                  url,
                  user_id,
                  original_url)
        VALUES (
                  341,
                  TO_TIMESTAMP ('09/28/2001 01:00:00.00',
                                'MM/DD/YYYY fmHH24fm:MI:SS.FF'),
                  'Check out this article and discover 10 Golden Rules of Twitter to take your brand and tweets to the next level!',
                  'twittertoolsbook.com',
                  NULL,
                  2,
                  TRUE,
                  '10 Golden Rules of Twitter | Twitter Tools and Twitter Tips Blog',
                  'http://goo.gl/OoTgJ',
                  298,
                  'http://twittertoolsbook.com/10-golden-rules-of-twitter/');INSERT INTO link (id,
                  creation_date,
                  description,
                  domain,
                  locked,
                  note,
                  read,
                  title,
                  url,
                  user_id,
                  original_url)
        VALUES (
                  346,
                  TO_TIMESTAMP ('09/28/2001 01:00:00.00',
                                'MM/DD/YYYY fmHH24fm:MI:SS.FF'),
                  NULL,
                  'www.techempower.com',
                  NULL,
                  0,
                  FALSE,
                  'Everything about Java 8 - TechEmpower Blog',
                  'http://goo.gl/oDW6a',
                  298,
                  'http://www.techempower.com/blog/2013/03/26/everything-about-java-8/');INSERT INTO link (id,
                  creation_date,
                  description,
                  domain,
                  locked,
                  note,
                  read,
                  title,
                  url,
                  user_id,
                  original_url)
        VALUES (
                  324,
                  TO_TIMESTAMP ('09/28/2001 01:00:00.00',
                                'MM/DD/YYYY fmHH24fm:MI:SS.FF'),
                  NULL,
                  'ipadpeek.com',
                  NULL,
                  0,
                  TRUE,
                  'iPad Peek / iPhone Peek',
                  'http://goo.gl/FRcz',
                  298,
                  'http://ipadpeek.com/');INSERT INTO link (id,
                  creation_date,
                  description,
                  domain,
                  locked,
                  note,
                  read,
                  title,
                  url,
                  user_id,
                  original_url)
        VALUES (
                  351,
                  TO_TIMESTAMP ('09/28/2001 01:00:00.00',
                                'MM/DD/YYYY fmHH24fm:MI:SS.FF'),
                  NULL,
                  'blog.octo.com',
                  NULL,
                  0,
                  FALSE,
                  'Votre premier projet Hadoop | OCTO talks !',
                  'http://goo.gl/4zGDk',
                  298,
                  'http://blog.octo.com/votre-premier-projet-hadoop/');INSERT INTO link (id,
                  creation_date,
                  description,
                  domain,
                  locked,
                  note,
                  read,
                  title,
                  url,
                  user_id,
                  original_url)
        VALUES (
                  369,
                  TO_TIMESTAMP ('09/28/2001 01:00:00.00',
                                'MM/DD/YYYY fmHH24fm:MI:SS.FF'),
                  NULL,
                  'www.immoweb.be',
                  NULL,
                  0,
                  FALSE,
                  NULL,
                  'http://goo.gl/sJ0v5',
                  368,
                  'http://www.immoweb.be/fr/');INSERT INTO link (id,
                  creation_date,
                  description,
                  domain,
                  locked,
                  note,
                  read,
                  title,
                  url,
                  user_id,
                  original_url)
        VALUES (
                  389,
                  TO_TIMESTAMP ('09/28/2001 01:00:00.00',
                                'MM/DD/YYYY fmHH24fm:MI:SS.FF'),
                  NULL,
                  'spring.io',
                  NULL,
                  0,
                  FALSE,
                  'Introducing Spring XD',
                  'http://goo.gl/oF1cu',
                  298,
                  'http://spring.io/blog/2013/04/23/introducing-spring-xd/?utm_source=twitterfeed&utm_medium=twitter&utm_campaign=Feed%3A%20SpringSourceTeamBlog%20(SpringSource_Team_Blog)');INSERT INTO link (id,
                  creation_date,
                  description,
                  domain,
                  locked,
                  note,
                  read,
                  title,
                  url,
                  user_id,
                  original_url)
        VALUES (
                  401,
                  TO_TIMESTAMP ('09/28/2001 01:00:00.00',
                                'MM/DD/YYYY fmHH24fm:MI:SS.FF'),
                  'Tutoriel sur diffrentes astuces pour GWT : compilation, dbogage et mise en place des logs',
                  'soat.developpez.com',
                  NULL,
                  0,
                  FALSE,
                  'Tutoriel sur diffrentes astuces pour GWT : compilation, dbogage et mise en place des logs',
                  'http://goo.gl/HNqav',
                  298,
                  'http://soat.developpez.com/tutoriels/gwt/compiling-debugging-logging/?utm_source=feedly');INSERT INTO link (id,
                  creation_date,
                  description,
                  domain,
                  locked,
                  note,
                  read,
                  title,
                  url,
                  user_id,
                  original_url)
        VALUES (
                  301,
                  TO_TIMESTAMP ('09/28/2001 01:00:00.00',
                                'MM/DD/YYYY fmHH24fm:MI:SS.FF'),
                  'Javascript fluid simulation on canvas....',
                  'codepen.io',
                  NULL,
                  5,
                  TRUE,
                  'Fluid Simulation',
                  'http://goo.gl/XCly1',
                  283,
                  'http://codepen.io/dissimulate/pen/hszvg');INSERT INTO link (id,
                  creation_date,
                  description,
                  domain,
                  locked,
                  note,
                  read,
                  title,
                  url,
                  user_id,
                  original_url)
        VALUES (
                  308,
                  TO_TIMESTAMP ('09/28/2001 01:00:00.00',
                                'MM/DD/YYYY fmHH24fm:MI:SS.FF'),
                  NULL,
                  'goo.gl',
                  NULL,
                  0,
                  FALSE,
                  'k2FPV',
                  'http://goo.gl/k2FPV',
                  298,
                  'http://goo.gl/k2FPV');INSERT INTO link (id,
                  creation_date,
                  description,
                  domain,
                  locked,
                  note,
                  read,
                  title,
                  url,
                  user_id,
                  original_url)
        VALUES (
                  307,
                  TO_TIMESTAMP ('09/28/2001 01:00:00.00',
                                'MM/DD/YYYY fmHH24fm:MI:SS.FF'),
                  NULL,
                  'goo.gl',
                  NULL,
                  0,
                  FALSE,
                  'k2FPV',
                  'http://goo.gl/k2FPV',
                  304,
                  'http://goo.gl/k2FPV');INSERT INTO link (id,
                  creation_date,
                  description,
                  domain,
                  locked,
                  note,
                  read,
                  title,
                  url,
                  user_id,
                  original_url)
        VALUES (
                  302,
                  TO_TIMESTAMP ('09/28/2001 01:00:00.00',
                                'MM/DD/YYYY fmHH24fm:MI:SS.FF'),
                  NULL,
                  'goo.gl',
                  NULL,
                  0,
                  TRUE,
                  'AAuha',
                  'http://goo.gl/AAuha',
                  298,
                  'http://goo.gl/AAuha');INSERT INTO link (id,
                  creation_date,
                  description,
                  domain,
                  locked,
                  note,
                  read,
                  title,
                  url,
                  user_id,
                  original_url)
        VALUES (
                  48,
                  TO_TIMESTAMP ('09/28/2001 01:00:00.00',
                                'MM/DD/YYYY fmHH24fm:MI:SS.FF'),
                  NULL,
                  'goo.gl',
                  NULL,
                  0,
                  TRUE,
                  '66gfN',
                  'http://goo.gl/66gfN',
                  298,
                  'http://goo.gl/66gfN');INSERT INTO link (id,
                  creation_date,
                  description,
                  domain,
                  locked,
                  note,
                  read,
                  title,
                  url,
                  user_id,
                  original_url)
        VALUES (
                  322,
                  TO_TIMESTAMP ('09/28/2001 01:00:00.00',
                                'MM/DD/YYYY fmHH24fm:MI:SS.FF'),
                  NULL,
                  'goo.gl',
                  NULL,
                  0,
                  TRUE,
                  'G1iMX',
                  'http://goo.gl/G1iMX',
                  298,
                  'http://goo.gl/G1iMX');INSERT INTO link (id,
                  creation_date,
                  description,
                  domain,
                  locked,
                  note,
                  read,
                  title,
                  url,
                  user_id,
                  original_url)
        VALUES (
                  328,
                  TO_TIMESTAMP ('09/28/2001 01:00:00.00',
                                'MM/DD/YYYY fmHH24fm:MI:SS.FF'),
                  NULL,
                  'chrome.com',
                  NULL,
                  0,
                  FALSE,
                  'Google',
                  'http://goo.gl/FnOp7',
                  304,
                  'https://chrome.com/maze/');INSERT INTO link (id,
                  creation_date,
                  description,
                  domain,
                  locked,
                  note,
                  read,
                  title,
                  url,
                  user_id,
                  original_url)
        VALUES (
                  334,
                  TO_TIMESTAMP ('09/28/2001 01:00:00.00',
                                'MM/DD/YYYY fmHH24fm:MI:SS.FF'),
                  NULL,
                  'goo.gl',
                  NULL,
                  0,
                  TRUE,
                  '47F5M',
                  'http://goo.gl/47F5M',
                  283,
                  'http://goo.gl/47F5M');INSERT INTO link (id,
                  creation_date,
                  description,
                  domain,
                  locked,
                  note,
                  read,
                  title,
                  url,
                  user_id,
                  original_url)
        VALUES (
                  335,
                  TO_TIMESTAMP ('09/28/2001 01:00:00.00',
                                'MM/DD/YYYY fmHH24fm:MI:SS.FF'),
                  NULL,
                  'engineering.linkedin.com',
                  NULL,
                  0,
                  FALSE,
                  'Play Framework: async I/O without the thread pool and callback hell | LinkedIn Engineering',
                  'http://goo.gl/7QdQQ',
                  304,
                  'https://engineering.linkedin.com/play/play-framework-async-io-without-thread-pool-and-callback-hell');INSERT INTO link (id,
                  creation_date,
                  description,
                  domain,
                  locked,
                  note,
                  read,
                  title,
                  url,
                  user_id,
                  original_url)
        VALUES (
                  349,
                  TO_TIMESTAMP ('09/28/2001 01:00:00.00',
                                'MM/DD/YYYY fmHH24fm:MI:SS.FF'),
                  NULL,
                  'goo.gl',
                  NULL,
                  0,
                  FALSE,
                  '3tRXJ',
                  'http://goo.gl/3tRXJ',
                  304,
                  'http://goo.gl/3tRXJ');INSERT INTO link (id,
                  creation_date,
                  description,
                  domain,
                  locked,
                  note,
                  read,
                  title,
                  url,
                  user_id,
                  original_url)
        VALUES (
                  171,
                  TO_TIMESTAMP ('09/28/2001 01:00:00.00',
                                'MM/DD/YYYY fmHH24fm:MI:SS.FF'),
                  'In todays lesson, we have made the animated gears with CSS3. The result looks very nice. I have used CSS3 keyframes, animation and transforms (rotate) in order...',
                  'dzone.com',
                  NULL,
                  0,
                  TRUE,
                  'CSS3 Animated Gears',
                  'http://goo.gl/jZTxe',
                  298,
                  'https://dzone.com/links/css3_animated_gears.html');INSERT INTO link (id,
                  creation_date,
                  description,
                  domain,
                  locked,
                  note,
                  read,
                  title,
                  url,
                  user_id,
                  original_url)
        VALUES (
                  361,
                  TO_TIMESTAMP ('09/28/2001 01:00:00.00',
                                'MM/DD/YYYY fmHH24fm:MI:SS.FF'),
                  NULL,
                  'www.gwtproject.org',
                  NULL,
                  0,
                  FALSE,
                  'GWT Project',
                  'http://goo.gl/mFJnz',
                  298,
                  'http://www.gwtproject.org/doc/latest/tutorial/');INSERT INTO link (id,
                  creation_date,
                  description,
                  domain,
                  locked,
                  note,
                  read,
                  title,
                  url,
                  user_id,
                  original_url)
        VALUES (
                  375,
                  TO_TIMESTAMP ('09/28/2001 01:00:00.00',
                                'MM/DD/YYYY fmHH24fm:MI:SS.FF'),
                  NULL,
                  'dribbble.com',
                  NULL,
                  4,
                  TRUE,
                  'Dribbble - Show and tell for designers',
                  'http://goo.gl/QRgB',
                  283,
                  'https://dribbble.com/');INSERT INTO link (id,
                  creation_date,
                  description,
                  domain,
                  locked,
                  note,
                  read,
                  title,
                  url,
                  user_id,
                  original_url)
        VALUES (
                  408,
                  TO_TIMESTAMP ('09/28/2001 01:00:00.00',
                                'MM/DD/YYYY fmHH24fm:MI:SS.FF'),
                  NULL,
                  'goo.gl',
                  NULL,
                  0,
                  FALSE,
                  'B3eR7',
                  'http://goo.gl/B3eR7',
                  298,
                  'http://goo.gl/B3eR7');INSERT INTO link (id,
                  creation_date,
                  description,
                  domain,
                  locked,
                  note,
                  read,
                  title,
                  url,
                  user_id,
                  original_url)
        VALUES (
                  382,
                  TO_TIMESTAMP ('09/28/2001 01:00:00.00',
                                'MM/DD/YYYY fmHH24fm:MI:SS.FF'),
                  'best and worst development practices',
                  'mestachs.wordpress.com',
                  NULL,
                  4,
                  FALSE,
                  'Don''t Make the Same Mistake Twice | best and worst development practices',
                  'http://goo.gl/vlZpm',
                  283,
                  'https://mestachs.wordpress.com/');INSERT INTO link (id,
                  creation_date,
                  description,
                  domain,
                  locked,
                  note,
                  read,
                  title,
                  url,
                  user_id,
                  original_url)
        VALUES (
                  395,
                  TO_TIMESTAMP ('09/28/2001 01:00:00.00',
                                'MM/DD/YYYY fmHH24fm:MI:SS.FF'),
                  NULL,
                  'goo.gl',
                  NULL,
                  0,
                  FALSE,
                  'ZX7dl',
                  'http://goo.gl/ZX7dl',
                  304,
                  'http://goo.gl/ZX7dl');INSERT INTO link (id,
                  creation_date,
                  description,
                  domain,
                  locked,
                  note,
                  read,
                  title,
                  url,
                  user_id,
                  original_url)
        VALUES (
                  405,
                  TO_TIMESTAMP ('09/28/2001 01:00:00.00',
                                'MM/DD/YYYY fmHH24fm:MI:SS.FF'),
                  'In this article well provide guidance on how to deal with some of the problems that exist with Android, and we''ll also show you how to start designing your first great Android app.',
                  'www.smashingmagazine.com',
                  NULL,
                  0,
                  FALSE,
                  'Designing For A Maturing Android  Smashing Magazine',
                  'http://goo.gl/2uuRP',
                  298,
                  'https://www.smashingmagazine.com/2013/05/08/brave-new-world-designing-for-a-maturing-android/');INSERT INTO link (id,
                  creation_date,
                  description,
                  domain,
                  locked,
                  note,
                  read,
                  title,
                  url,
                  user_id,
                  original_url)
        VALUES (
                  179,
                  TO_TIMESTAMP ('09/28/2001 01:00:00.00',
                                'MM/DD/YYYY fmHH24fm:MI:SS.FF'),
                  NULL,
                  'lostechies.com',
                  NULL,
                  0,
                  FALSE,
                  '?utm source=feedburner&utm medium=feed&utm campaign=Feed%3A+LosTechies+(LosTechies)&ut',
                  'http://goo.gl/dV4yW',
                  298,
                  'https://lostechies.com/derickbailey/2012/03/27/providing-synchronous-asynchronous-flexibility-with-jquery-when/?utm_source=feedburner&utm_medium=feed&utm_campaign=Feed%3A+LosTechies+(LosTechies)&ut');INSERT INTO link (id,
                  creation_date,
                  description,
                  domain,
                  locked,
                  note,
                  read,
                  title,
                  url,
                  user_id,
                  original_url)
        VALUES (
                  189,
                  TO_TIMESTAMP ('09/28/2001 01:00:00.00',
                                'MM/DD/YYYY fmHH24fm:MI:SS.FF'),
                  'And so it came to pass that the daughters and sons of Maderakka made a statically typed, object-functional language. A language that was so complex that no...',
                  'dzone.com',
                  NULL,
                  0,
                  FALSE,
                  'Truth about Scala | Cake Solutions Team Blog',
                  'http://goo.gl/qBA0X',
                  298,
                  'https://dzone.com/links/truth_about_scala_cake_solutions_team_blog.html');INSERT INTO link (id,
                  creation_date,
                  description,
                  domain,
                  locked,
                  note,
                  read,
                  title,
                  url,
                  user_id,
                  original_url)
        VALUES (
                  415,
                  TO_TIMESTAMP ('09/28/2001 01:00:00.00',
                                'MM/DD/YYYY fmHH24fm:MI:SS.FF'),
                  NULL,
                  'library.linode.com',
                  NULL,
                  0,
                  FALSE,
                  NULL,
                  'http://goo.gl/9O9vg',
                  414,
                  'https://library.linode.com/using-linux/administration-basics');INSERT INTO link (id,
                  creation_date,
                  description,
                  domain,
                  locked,
                  note,
                  read,
                  title,
                  url,
                  user_id,
                  original_url)
        VALUES (
                  163,
                  TO_TIMESTAMP ('09/28/2001 01:00:00.00',
                                'MM/DD/YYYY fmHH24fm:MI:SS.FF'),
                  NULL,
                  'html5-tutorial.fr',
                  NULL,
                  0,
                  FALSE,
                  'JavaScript  Amliorer la qualit de son code (Linter, IDE, compilateur, tests et build) | HTML5 Tut',
                  'http://goo.gl/6Pn2J',
                  298,
                  'http://html5-tutorial.fr/javascript-ameliorer-la-qualite-de-son-code-linter-ide-compilateur-tests-et-build/');INSERT INTO link (id,
                  creation_date,
                  description,
                  domain,
                  locked,
                  note,
                  read,
                  title,
                  url,
                  user_id,
                  original_url)
        VALUES (
                  124,
                  TO_TIMESTAMP ('09/28/2001 01:00:00.00',
                                'MM/DD/YYYY fmHH24fm:MI:SS.FF'),
                  NULL,
                  'goo.gl',
                  NULL,
                  0,
                  FALSE,
                  '9zT0h',
                  'http://goo.gl/9zT0h',
                  298,
                  'http://goo.gl/9zT0h');INSERT INTO link (id,
                  creation_date,
                  description,
                  domain,
                  locked,
                  note,
                  read,
                  title,
                  url,
                  user_id,
                  original_url)
        VALUES (
                  212,
                  TO_TIMESTAMP ('09/28/2001 01:00:00.00',
                                'MM/DD/YYYY fmHH24fm:MI:SS.FF'),
                  NULL,
                  'www.erichynds.com',
                  NULL,
                  0,
                  FALSE,
                  'Using Deferreds in jQuery 1.5 - Eric Hynds',
                  'http://goo.gl/IPvKr',
                  298,
                  'http://www.erichynds.com/blog/using-deferreds-in-jquery');INSERT INTO link (id,
                  creation_date,
                  description,
                  domain,
                  locked,
                  note,
                  read,
                  title,
                  url,
                  user_id,
                  original_url)
        VALUES (
                  86,
                  TO_TIMESTAMP ('09/28/2001 01:00:00.00',
                                'MM/DD/YYYY fmHH24fm:MI:SS.FF'),
                  'The top Java beginner''s mistakes and anti-patterns',
                  'www.odi.ch',
                  NULL,
                  0,
                  FALSE,
                  'Java Anti-Patterns',
                  'http://goo.gl/WWys',
                  298,
                  'http://www.odi.ch/prog/design/newbies.php');INSERT INTO link (id,
                  creation_date,
                  description,
                  domain,
                  locked,
                  note,
                  read,
                  title,
                  url,
                  user_id,
                  original_url)
        VALUES (
                  14,
                  TO_TIMESTAMP ('09/28/2001 01:00:00.00',
                                'MM/DD/YYYY fmHH24fm:MI:SS.FF'),
                  NULL,
                  'zeroturnaround.com',
                  NULL,
                  0,
                  FALSE,
                  'Java 8: The First Taste of Lambdas | zeroturnaround.com',
                  'http://goo.gl/Pi40s',
                  298,
                  'http://zeroturnaround.com/rebellabs/java-8-the-first-taste-of-lambdas/');INSERT INTO link (id,
                  creation_date,
                  description,
                  domain,
                  locked,
                  note,
                  read,
                  title,
                  url,
                  user_id,
                  original_url)
        VALUES (
                  186,
                  TO_TIMESTAMP ('09/28/2001 01:00:00.00',
                                'MM/DD/YYYY fmHH24fm:MI:SS.FF'),
                  'The popularization of the Scala programming language and the comparisons with other languages has greatly increased the amount of posts in blogs and social nets, many of those containing many claims t',
                  'www.infoq.com',
                  NULL,
                  0,
                  FALSE,
                  'Scala or Java? Exploring myths and facts',
                  'http://goo.gl/vXEuS',
                  298,
                  'http://www.infoq.com/articles/scala-java-myths-facts');INSERT INTO link (id,
                  creation_date,
                  description,
                  domain,
                  locked,
                  note,
                  read,
                  title,
                  url,
                  user_id,
                  original_url)
        VALUES (
                  81,
                  TO_TIMESTAMP ('09/28/2001 01:00:00.00',
                                'MM/DD/YYYY fmHH24fm:MI:SS.FF'),
                  NULL,
                  'goo.gl',
                  NULL,
                  0,
                  FALSE,
                  'wjDRG',
                  'http://goo.gl/wjDRG',
                  298,
                  'http://goo.gl/wjDRG');INSERT INTO link (id,
                  creation_date,
                  description,
                  domain,
                  locked,
                  note,
                  read,
                  title,
                  url,
                  user_id,
                  original_url)
        VALUES (
                  83,
                  TO_TIMESTAMP ('09/28/2001 01:00:00.00',
                                'MM/DD/YYYY fmHH24fm:MI:SS.FF'),
                  NULL,
                  'goo.gl',
                  NULL,
                  0,
                  FALSE,
                  '1UGfj',
                  'http://goo.gl/1UGfj',
                  298,
                  'http://goo.gl/1UGfj');INSERT INTO link (id,
                  creation_date,
                  description,
                  domain,
                  locked,
                  note,
                  read,
                  title,
                  url,
                  user_id,
                  original_url)
        VALUES (
                  191,
                  TO_TIMESTAMP ('09/28/2001 01:00:00.00',
                                'MM/DD/YYYY fmHH24fm:MI:SS.FF'),
                  'We are working on a project using Play freamework with Scala programming language. Here we''ll discuss about the deployment of the play application on Heroku. This is a very straightforward process. Yo',
                  'blog.knoldus.com',
                  NULL,
                  0,
                  FALSE,
                  'Deploying the Play 2.0 application on Heroku | Knoldus',
                  'http://goo.gl/40VOz',
                  298,
                  'http://blog.knoldus.com/2012/04/02/deploying-the-play-2-0-application-on-heroku/');INSERT INTO link (id,
                  creation_date,
                  description,
                  domain,
                  locked,
                  note,
                  read,
                  title,
                  url,
                  user_id,
                  original_url)
        VALUES (
                  122,
                  TO_TIMESTAMP ('09/28/2001 01:00:00.00',
                                'MM/DD/YYYY fmHH24fm:MI:SS.FF'),
                  NULL,
                  'goo.gl',
                  NULL,
                  0,
                  TRUE,
                  'AtcuX',
                  'http://goo.gl/AtcuX',
                  298,
                  'http://goo.gl/AtcuX');INSERT INTO link (id,
                  creation_date,
                  description,
                  domain,
                  locked,
                  note,
                  read,
                  title,
                  url,
                  user_id,
                  original_url)
        VALUES (
                  390,
                  TO_TIMESTAMP ('09/28/2001 01:00:00.00',
                                'MM/DD/YYYY fmHH24fm:MI:SS.FF'),
                  'JavaScript patterns and antipatterns collection',
                  'shichuan.github.io',
                  NULL,
                  0,
                  TRUE,
                  'JavaScript Patterns',
                  'http://goo.gl/3WeRl',
                  283,
                  'http://shichuan.github.io/javascript-patterns/');INSERT INTO link (id,
                  creation_date,
                  description,
                  domain,
                  locked,
                  note,
                  read,
                  title,
                  url,
                  user_id,
                  original_url)
        VALUES (
                  217,
                  TO_TIMESTAMP ('09/28/2001 01:00:00.00',
                                'MM/DD/YYYY fmHH24fm:MI:SS.FF'),
                  NULL,
                  'theprofessionalspoint.blogspot.fr',
                  NULL,
                  5,
                  FALSE,
                  'The Professionals Point: HTTP vs HTTPS: Similarities and Differences',
                  'http://goo.gl/5q740',
                  298,
                  'http://theprofessionalspoint.blogspot.fr/2012/04/http-vs-https-similarities-and.html');INSERT INTO link (id,
                  creation_date,
                  description,
                  domain,
                  locked,
                  note,
                  read,
                  title,
                  url,
                  user_id,
                  original_url)
        VALUES (
                  423,
                  TO_TIMESTAMP ('09/28/2001 01:00:00.00',
                                'MM/DD/YYYY fmHH24fm:MI:SS.FF'),
                  'Tutoriel sur Dart : le langage orient Web de Google',
                  'soat.developpez.com',
                  NULL,
                  0,
                  FALSE,
                  'Tutoriel sur Dart : le langage orient Web de Google',
                  'http://goo.gl/pjnKA',
                  298,
                  'http://soat.developpez.com/tutoriels/dart/langage-web-feedback-devoxx-france2013/');INSERT INTO link (id,
                  creation_date,
                  description,
                  domain,
                  locked,
                  note,
                  read,
                  title,
                  url,
                  user_id,
                  original_url)
        VALUES (
                  426,
                  TO_TIMESTAMP ('09/28/2001 01:00:00.00',
                                'MM/DD/YYYY fmHH24fm:MI:SS.FF'),
                  'After two long hours of tease this past February, followed by a few fleeting glimpses in May, Sony''s finally ready to show us what its next-generation PlayStation console actually, you know, looks lik',
                  'gizmodo.com',
                  NULL,
                  0,
                  FALSE,
                  'Sony PS4: Everything You Need to Know',
                  'http://goo.gl/0ZmpF',
                  298,
                  'http://gizmodo.com/sony-ps4-everything-you-need-to-know-512462631');INSERT INTO link (id,
                  creation_date,
                  description,
                  domain,
                  locked,
                  note,
                  read,
                  title,
                  url,
                  user_id,
                  original_url)
        VALUES (
                  89,
                  TO_TIMESTAMP ('09/28/2001 01:00:00.00',
                                'MM/DD/YYYY fmHH24fm:MI:SS.FF'),
                  NULL,
                  'www.oracle.com',
                  NULL,
                  0,
                  FALSE,
                  'Unit Testing for Java EE',
                  'http://goo.gl/yfIc3',
                  298,
                  'http://www.oracle.com/technetwork/articles/java/unittesting-455385.html');INSERT INTO link (id,
                  creation_date,
                  description,
                  domain,
                  locked,
                  note,
                  read,
                  title,
                  url,
                  user_id,
                  original_url)
        VALUES (
                  24,
                  TO_TIMESTAMP ('09/28/2001 01:00:00.00',
                                'MM/DD/YYYY fmHH24fm:MI:SS.FF'),
                  'First of all we should define EIPs and why we should use them. As the name implies, these are tested solutions for specific design problems encountered during...',
                  'dzone.com',
                  NULL,
                  0,
                  FALSE,
                  'Understanding Enterprise Integration Patterns - DZone Integration',
                  'http://goo.gl/uvpS5',
                  298,
                  'https://dzone.com/articles/enterprise-integration');INSERT INTO link (id,
                  creation_date,
                  description,
                  domain,
                  locked,
                  note,
                  read,
                  title,
                  url,
                  user_id,
                  original_url)
        VALUES (
                  285,
                  TO_TIMESTAMP ('09/28/2001 01:00:00.00',
                                'MM/DD/YYYY fmHH24fm:MI:SS.FF'),
                  NULL,
                  'goo.gl',
                  NULL,
                  2,
                  TRUE,
                  'PMCR',
                  'http://goo.gl/PMCR',
                  283,
                  'http://goo.gl/PMCR');INSERT INTO link (id,
                  creation_date,
                  description,
                  domain,
                  locked,
                  note,
                  read,
                  title,
                  url,
                  user_id,
                  original_url)
        VALUES (
                  231,
                  TO_TIMESTAMP ('09/28/2001 01:00:00.00',
                                'MM/DD/YYYY fmHH24fm:MI:SS.FF'),
                  NULL,
                  'goo.gl',
                  NULL,
                  0,
                  FALSE,
                  '4N4sj',
                  'http://goo.gl/4N4sj',
                  298,
                  'http://goo.gl/4N4sj');INSERT INTO link (id,
                  creation_date,
                  description,
                  domain,
                  locked,
                  note,
                  read,
                  title,
                  url,
                  user_id,
                  original_url)
        VALUES (
                  236,
                  TO_TIMESTAMP ('09/28/2001 01:00:00.00',
                                'MM/DD/YYYY fmHH24fm:MI:SS.FF'),
                  '"Which CSS preprocessor language should I choose?" is a hot topic lately. I''ve been asked in person several times and an online debate has been popping up',
                  'css-tricks.com',
                  NULL,
                  0,
                  FALSE,
                  'Sass vs. LESS | CSS-Tricks',
                  'http://goo.gl/RDtMj',
                  298,
                  'https://css-tricks.com/sass-vs-less/');INSERT INTO link (id,
                  creation_date,
                  description,
                  domain,
                  locked,
                  note,
                  read,
                  title,
                  url,
                  user_id,
                  original_url)
        VALUES (
                  246,
                  TO_TIMESTAMP ('09/28/2001 01:00:00.00',
                                'MM/DD/YYYY fmHH24fm:MI:SS.FF'),
                  'Type Dynamic is a new feature in Scala 2.10, it a little like the magic methods (__call, __get and __set) in PHP. This blog post by Cay Horstmann is a good...',
                  'dzone.com',
                  NULL,
                  0,
                  FALSE,
                  'Type Dynamic a new feature of Scala 2.10',
                  'http://goo.gl/XuptM',
                  298,
                  'https://dzone.com/links/type_dynamic_a_new_feature_of_scala_210.html');INSERT INTO link (id,
                  creation_date,
                  description,
                  domain,
                  locked,
                  note,
                  read,
                  title,
                  url,
                  user_id,
                  original_url)
        VALUES (
                  249,
                  TO_TIMESTAMP ('09/28/2001 01:00:00.00',
                                'MM/DD/YYYY fmHH24fm:MI:SS.FF'),
                  'This is the third article from Tomasz Nurkiewicz from a series of tutorials about Akka. Things now get even more interested and youll learn how to change the...',
                  'dzone.com',
                  NULL,
                  0,
                  FALSE,
                  'Become/Unbecome :: discovering Akka | Scala Topics',
                  'http://goo.gl/aQtg3',
                  298,
                  'https://dzone.com/links/becomeunbecome_discovering_akka_scala_topics.html');INSERT INTO link (id,
                  creation_date,
                  description,
                  domain,
                  locked,
                  note,
                  read,
                  title,
                  url,
                  user_id,
                  original_url)
        VALUES (
                  243,
                  TO_TIMESTAMP ('09/28/2001 01:00:00.00',
                                'MM/DD/YYYY fmHH24fm:MI:SS.FF'),
                  'This user has worked with a variety of PaaSes using Java, and provides a stable framework for understanding cloud services. ',
                  'dzone.com',
                  NULL,
                  0,
                  TRUE,
                  'A Simple PaaS Comparison Guide (With the Java Dev in Mind)',
                  'http://goo.gl/y20E0',
                  298,
                  'https://dzone.com/links/a_simple_paas_comparison_guide_with_the_java_dev.html');INSERT INTO link (id,
                  creation_date,
                  description,
                  domain,
                  locked,
                  note,
                  read,
                  title,
                  url,
                  user_id,
                  original_url)
        VALUES (
                  125,
                  TO_TIMESTAMP ('09/28/2001 01:00:00.00',
                                'MM/DD/YYYY fmHH24fm:MI:SS.FF'),
                  NULL,
                  'paperjs.org',
                  NULL,
                  0,
                  FALSE,
                  'Paper.js  About',
                  'http://goo.gl/mcVVj',
                  298,
                  'http://paperjs.org/about/');INSERT INTO link (id,
                  creation_date,
                  description,
                  domain,
                  locked,
                  note,
                  read,
                  title,
                  url,
                  user_id,
                  original_url)
        VALUES (
                  421,
                  TO_TIMESTAMP ('09/28/2001 01:00:00.00',
                                'MM/DD/YYYY fmHH24fm:MI:SS.FF'),
                  NULL,
                  'goo.gl',
                  NULL,
                  0,
                  FALSE,
                  '0DiJ6',
                  'http://goo.gl/0DiJ6',
                  368,
                  'http://goo.gl/0DiJ6');INSERT INTO link (id,
                  creation_date,
                  description,
                  domain,
                  locked,
                  note,
                  read,
                  title,
                  url,
                  user_id,
                  original_url)
        VALUES (
                  472,
                  TO_TIMESTAMP ('09/28/2001 01:00:00.00',
                                'MM/DD/YYYY fmHH24fm:MI:SS.FF'),
                  NULL,
                  'goo.gl',
                  NULL,
                  0,
                  FALSE,
                  'wpuHJ2',
                  'http://goo.gl/wpuHJ2',
                  471,
                  'http://goo.gl/wpuHJ2');INSERT INTO link (id,
                  creation_date,
                  description,
                  domain,
                  locked,
                  note,
                  read,
                  title,
                  url,
                  user_id,
                  original_url)
        VALUES (
                  232,
                  TO_TIMESTAMP ('09/28/2001 01:00:00.00',
                                'MM/DD/YYYY fmHH24fm:MI:SS.FF'),
                  'What every developer should know about SQL performance and indexing. The table of contents of our guide to SQL indexing for developers.',
                  'use-the-index-luke.com',
                  NULL,
                  4,
                  FALSE,
                  'Use The Index, Luke! - SQL indexing guide',
                  'http://goo.gl/PH3ol',
                  298,
                  'http://use-the-index-luke.com/sql/table-of-contents');INSERT INTO link (id,
                  creation_date,
                  description,
                  domain,
                  locked,
                  note,
                  read,
                  title,
                  url,
                  user_id,
                  original_url)
        VALUES (
                  309,
                  TO_TIMESTAMP ('09/28/2001 01:00:00.00',
                                'MM/DD/YYYY fmHH24fm:MI:SS.FF'),
                  'Cabinet de conseil Agile spcialis dans les technologies Big Data, Cloud, Web, Architectures Java et mobile',
                  'blog.xebia.fr',
                  NULL,
                  0,
                  FALSE,
                  'Le gestionnaire de cache de Guava | Blog Technique Xebia - Cabinet de conseil IT',
                  'http://goo.gl/WOVzy',
                  298,
                  'http://blog.xebia.fr/2013/03/13/le-gestionnaire-de-cache-de-guava/');INSERT INTO link (id,
                  creation_date,
                  description,
                  domain,
                  locked,
                  note,
                  read,
                  title,
                  url,
                  user_id,
                  original_url)
        VALUES (
                  310,
                  TO_TIMESTAMP ('09/28/2001 01:00:00.00',
                                'MM/DD/YYYY fmHH24fm:MI:SS.FF'),
                  'Cabinet de conseil Agile spcialis dans les technologies Big Data, Cloud, Web, Architectures Java et mobile',
                  'blog.xebia.fr',
                  NULL,
                  0,
                  FALSE,
                  'Introduction aux tests unitaires en javascript. | Blog Technique Xebia - Cabinet de conseil IT',
                  'http://goo.gl/QhujW',
                  298,
                  'http://blog.xebia.fr/2013/03/21/introduction-aux-tests-unitaires-en-javascript/');INSERT INTO link (id,
                  creation_date,
                  description,
                  domain,
                  locked,
                  note,
                  read,
                  title,
                  url,
                  user_id,
                  original_url)
        VALUES (
                  445,
                  TO_TIMESTAMP ('09/28/2001 01:00:00.00',
                                'MM/DD/YYYY fmHH24fm:MI:SS.FF'),
                  NULL,
                  'codeoftheday.blogspot.fr',
                  NULL,
                  0,
                  FALSE,
                  'Code Of The Day: Java Remote Method Invocation (RMI) with Secure Socket Layer (SSL)',
                  'http://goo.gl/081PL',
                  298,
                  'http://codeoftheday.blogspot.fr/2013/07/java-remote-method-invocation-rmi-with.html');INSERT INTO link (id,
                  creation_date,
                  description,
                  domain,
                  locked,
                  note,
                  read,
                  title,
                  url,
                  user_id,
                  original_url)
        VALUES (
                  460,
                  TO_TIMESTAMP ('09/28/2001 01:00:00.00',
                                'MM/DD/YYYY fmHH24fm:MI:SS.FF'),
                  NULL,
                  'www.dagbladet.no',
                  NULL,
                  0,
                  FALSE,
                  'Dagbladet',
                  'http://goo.gl/9cgA',
                  458,
                  'http://www.dagbladet.no/');INSERT INTO link (id,
                  creation_date,
                  description,
                  domain,
                  locked,
                  note,
                  read,
                  title,
                  url,
                  user_id,
                  original_url)
        VALUES (
                  200,
                  TO_TIMESTAMP ('09/28/2001 01:00:00.00',
                                'MM/DD/YYYY fmHH24fm:MI:SS.FF'),
                  'The possibility of embedding any font you like into websites via @font-face is an additional stylistic device which promises to abolish the monotony of the usual system fonts. It surely would be all t',
                  'www.smashingmagazine.com',
                  NULL,
                  0,
                  FALSE,
                  'The @Font-Face Rule And Useful Web Font Tricks  Smashing Magazine',
                  'http://goo.gl/yrMJx',
                  298,
                  'https://www.smashingmagazine.com/2011/03/02/the-font-face-rule-revisited-and-useful-tricks/');INSERT INTO link (id,
                  creation_date,
                  description,
                  domain,
                  locked,
                  note,
                  read,
                  title,
                  url,
                  user_id,
                  original_url)
        VALUES (
                  206,
                  TO_TIMESTAMP ('09/28/2001 01:00:00.00',
                                'MM/DD/YYYY fmHH24fm:MI:SS.FF'),
                  'Another clear, early introduction by Ricky Ho, this time about the various NoSQL databases that have persisted over the last couple years. ',
                  'dzone.com',
                  NULL,
                  0,
                  FALSE,
                  'An Introduction to NoSQL Patterns',
                  'http://goo.gl/ip7WC',
                  298,
                  'https://dzone.com/links/an_introduction_to_nosql_patterns.html');INSERT INTO link (id,
                  creation_date,
                  description,
                  domain,
                  locked,
                  note,
                  read,
                  title,
                  url,
                  user_id,
                  original_url)
        VALUES (
                  221,
                  TO_TIMESTAMP ('09/28/2001 01:00:00.00',
                                'MM/DD/YYYY fmHH24fm:MI:SS.FF'),
                  'Please see my updated video which corrects some terminology mistakes I made in this original http://www.youtube.com/watch?v=mh-hPzDfb_Q',
                  'www.youtube.com',
                  NULL,
                  0,
                  FALSE,
                  'How pointers (references) work in JavaScript - YouTube',
                  'http://goo.gl/TC62z',
                  298,
                  'https://www.youtube.com/watch?v=bs3qxQ7OZW8');INSERT INTO link (id,
                  creation_date,
                  description,
                  domain,
                  locked,
                  note,
                  read,
                  title,
                  url,
                  user_id,
                  original_url)
        VALUES (
                  315,
                  TO_TIMESTAMP ('09/28/2001 01:00:00.00',
                                'MM/DD/YYYY fmHH24fm:MI:SS.FF'),
                  'Take free online classes from 120+ top universities and educational organizations. We partner with schools like Stanford, Yale, Princeton, and others to offer courses in dozens of topics, from compute',
                  'class.coursera.org',
                  NULL,
                  0,
                  FALSE,
                  'Coursera - Free Online Courses From Top Universities',
                  'http://goo.gl/PcQ0s',
                  298,
                  'https://class.coursera.org/progfun-2012-001/auth/welcome?type=logout&visiting=https%3A%2F%2Fclass.coursera.org%2Fprogfun-2012-001%2Fclass%2Findex');INSERT INTO link (id,
                  creation_date,
                  description,
                  domain,
                  locked,
                  note,
                  read,
                  title,
                  url,
                  user_id,
                  original_url)
        VALUES (
                  435,
                  TO_TIMESTAMP ('09/28/2001 01:00:00.00',
                                'MM/DD/YYYY fmHH24fm:MI:SS.FF'),
                  NULL,
                  'www.cursusmundus.com',
                  NULL,
                  0,
                  TRUE,
                  'Chantiers Bnvoles Internationaux - CursusMundus',
                  'http://goo.gl/jMNCD',
                  298,
                  'http://www.cursusmundus.com/chantiers-benevoles-internationaux');INSERT INTO link (id,
                  creation_date,
                  description,
                  domain,
                  locked,
                  note,
                  read,
                  title,
                  url,
                  user_id,
                  original_url)
        VALUES (
                  463,
                  TO_TIMESTAMP ('09/28/2001 01:00:00.00',
                                'MM/DD/YYYY fmHH24fm:MI:SS.FF'),
                  NULL,
                  'www.alsacreations.com',
                  NULL,
                  0,
                  FALSE,
                  'CSS3 Flexbox Layout module - Alsacreations',
                  'http://goo.gl/eSl89',
                  298,
                  'http://www.alsacreations.com/tuto/lire/1493-css3-flexbox-layout-module.html');INSERT INTO link (id,
                  creation_date,
                  description,
                  domain,
                  locked,
                  note,
                  read,
                  title,
                  url,
                  user_id,
                  original_url)
        VALUES (
                  455,
                  TO_TIMESTAMP ('09/28/2001 01:00:00.00',
                                'MM/DD/YYYY fmHH24fm:MI:SS.FF'),
                  ' Google URL Shortener  at goo.gl is used by Google products to create short URLs that can be easily shared, tweeted, or emailed to friends.',
                  'goo.gl',
                  NULL,
                  0,
                  FALSE,
                  'Google URL Shortener',
                  'http://goo.gl/CYpNc3',
                  454,
                  'http://goo.gl/CYpNc3');INSERT INTO link (id,
                  creation_date,
                  description,
                  domain,
                  locked,
                  note,
                  read,
                  title,
                  url,
                  user_id,
                  original_url)
        VALUES (
                  466,
                  TO_TIMESTAMP ('09/28/2001 01:00:00.00',
                                'MM/DD/YYYY fmHH24fm:MI:SS.FF'),
                  'In which I jot down those random moments of insanity and occasional moments of clarity.',
                  '42quirks.com',
                  NULL,
                  5,
                  TRUE,
                  'Blah.',
                  'http://goo.gl/zqGjcy',
                  465,
                  'http://42quirks.com/');INSERT INTO link (id,
                  creation_date,
                  description,
                  domain,
                  locked,
                  note,
                  read,
                  title,
                  url,
                  user_id,
                  original_url)
        VALUES (
                  305,
                  TO_TIMESTAMP ('09/28/2001 01:00:00.00',
                                'MM/DD/YYYY fmHH24fm:MI:SS.FF'),
                  'Cabinet de conseil Agile spcialis dans les technologies Big Data, Cloud, Web, Architectures Java et mobile',
                  'blog.xebia.fr',
                  NULL,
                  0,
                  FALSE,
                  'Introduction aux tests unitaires en javascript. | Blog Technique Xebia - Cabinet de conseil IT',
                  'http://goo.gl/QhujW',
                  304,
                  'http://blog.xebia.fr/2013/03/21/introduction-aux-tests-unitaires-en-javascript/');INSERT INTO link (id,
                  creation_date,
                  description,
                  domain,
                  locked,
                  note,
                  read,
                  title,
                  url,
                  user_id,
                  original_url)
        VALUES (
                  207,
                  TO_TIMESTAMP ('09/28/2001 01:00:00.00',
                                'MM/DD/YYYY fmHH24fm:MI:SS.FF'),
                  'A guide of 35 download resources for hundreds of emulators and simulators for mobile design and development, including iPhone, Android, Nokia, tablets and more',
                  'www.mobilexweb.com',
                  NULL,
                  0,
                  TRUE,
                  'Mobile Emulators and Simulators - The ultimate guide to mobile developers | Breaking the Mobile Web',
                  'http://goo.gl/WMxLF',
                  298,
                  'http://www.mobilexweb.com/emulators');INSERT INTO link (id,
                  creation_date,
                  description,
                  domain,
                  locked,
                  note,
                  read,
                  title,
                  url,
                  user_id,
                  original_url)
        VALUES (
                  226,
                  TO_TIMESTAMP ('09/28/2001 01:00:00.00',
                                'MM/DD/YYYY fmHH24fm:MI:SS.FF'),
                  'Tech News Delivered Daily',
                  'skytechgeek.com',
                  NULL,
                  0,
                  FALSE,
                  '20 CSS Codes to Simplify Your Web Styling Tasks SkyTechGeek',
                  'http://goo.gl/UpQKz',
                  298,
                  'http://skytechgeek.com/2012/05/20-css-codes-to-simplify-your-web-styling-tasks/');INSERT INTO link (id,
                  creation_date,
                  description,
                  domain,
                  locked,
                  note,
                  read,
                  title,
                  url,
                  user_id,
                  original_url)
        VALUES (
                  467,
                  TO_TIMESTAMP ('09/28/2001 01:00:00.00',
                                'MM/DD/YYYY fmHH24fm:MI:SS.FF'),
                  NULL,
                  'goo.gl',
                  NULL,
                  0,
                  FALSE,
                  'pAhbon',
                  'http://goo.gl/pAhbon',
                  298,
                  'http://goo.gl/pAhbon');INSERT INTO link (id,
                  creation_date,
                  description,
                  domain,
                  locked,
                  note,
                  read,
                  title,
                  url,
                  user_id,
                  original_url)
        VALUES (
                  319,
                  TO_TIMESTAMP ('09/28/2001 01:00:00.00',
                                'MM/DD/YYYY fmHH24fm:MI:SS.FF'),
                  'Check out this awesome new Twitter followers infographic and discover how to get more Twitter followers and grow a massive and powerful Twitter network!',
                  'twittertoolsbook.com',
                  NULL,
                  4,
                  TRUE,
                  'How To Get More Twitter Followers | Twitter Tools Book',
                  'http://goo.gl/Msn9U',
                  298,
                  'http://twittertoolsbook.com/get-more-twitter-followers/');INSERT INTO link (id,
                  creation_date,
                  description,
                  domain,
                  locked,
                  note,
                  read,
                  title,
                  url,
                  user_id,
                  original_url)
        VALUES (
                  336,
                  TO_TIMESTAMP ('09/28/2001 01:00:00.00',
                                'MM/DD/YYYY fmHH24fm:MI:SS.FF'),
                  NULL,
                  'framablog.org',
                  NULL,
                  0,
                  FALSE,
                  'Former la prochaine gnration de bidouilleurs libres  Framablog',
                  'http://goo.gl/3HOOM',
                  304,
                  'http://framablog.org/2013/03/27/generation-hacker-education/');INSERT INTO link (id,
                  creation_date,
                  description,
                  domain,
                  locked,
                  note,
                  read,
                  title,
                  url,
                  user_id,
                  original_url)
        VALUES (
                  339,
                  TO_TIMESTAMP ('09/28/2001 01:00:00.00',
                                'MM/DD/YYYY fmHH24fm:MI:SS.FF'),
                  'Sous rserve davoir tlcharg et install lapplication sur deux appareils iOS, Prsence pourra surveiller la maison pour vous. Un des deux appareils se transformera en camra',
                  'www.iphon.fr',
                  NULL,
                  0,
                  FALSE,
                  'Transformer un ancien iPhone en camra de surveillance avec dtection de mouvement : appli Prsence ',
                  'http://goo.gl/nqFt1',
                  304,
                  'http://www.iphon.fr/post/presence-camera-surveillance-iphone');INSERT INTO link (id,
                  creation_date,
                  description,
                  domain,
                  locked,
                  note,
                  read,
                  title,
                  url,
                  user_id,
                  original_url)
        VALUES (
                  348,
                  TO_TIMESTAMP ('09/28/2001 01:00:00.00',
                                'MM/DD/YYYY fmHH24fm:MI:SS.FF'),
                  'Stuart Sierra discusses several design patterns implemented in functional languages, in particular Clojure: State/Event, Consequences, Accumulator, MapReduce, Reduce/Combine, Recursive Expansion, etc.',
                  'www.infoq.com',
                  NULL,
                  0,
                  FALSE,
                  'Functional Design Patterns',
                  'http://goo.gl/KM13V',
                  298,
                  'http://www.infoq.com/presentations/Clojure-Design-Patterns');INSERT INTO link (id,
                  creation_date,
                  description,
                  domain,
                  locked,
                  note,
                  read,
                  title,
                  url,
                  user_id,
                  original_url)
        VALUES (
                  347,
                  TO_TIMESTAMP ('09/28/2001 01:00:00.00',
                                'MM/DD/YYYY fmHH24fm:MI:SS.FF'),
                  'Cabinet de conseil Agile spcialis dans les technologies Big Data, Cloud, Web, Architectures Java et mobile',
                  'blog.xebia.fr',
                  NULL,
                  0,
                  TRUE,
                  'Intgrer ses tests JavaScript dans Grails | Blog Technique Xebia - Cabinet de conseil IT',
                  'http://goo.gl/dTKdz',
                  298,
                  'http://blog.xebia.fr/2013/03/27/integrer-ses-tests-javascript-dans-grails/');INSERT INTO link (id,
                  creation_date,
                  description,
                  domain,
                  locked,
                  note,
                  read,
                  title,
                  url,
                  user_id,
                  original_url)
        VALUES (
                  442,
                  TO_TIMESTAMP ('09/28/2001 01:00:00.00',
                                'MM/DD/YYYY fmHH24fm:MI:SS.FF'),
                  NULL,
                  'docs.oracle.com',
                  NULL,
                  0,
                  FALSE,
                  'Working with Security Roles - The Java EE 5 Tutorial',
                  'http://goo.gl/K8eKY',
                  298,
                  'http://docs.oracle.com/javaee/5/tutorial/doc/bncav.html');INSERT INTO link (id,
                  creation_date,
                  description,
                  domain,
                  locked,
                  note,
                  read,
                  title,
                  url,
                  user_id,
                  original_url)
        VALUES (
                  258,
                  TO_TIMESTAMP ('09/28/2001 01:00:00.00',
                                'MM/DD/YYYY fmHH24fm:MI:SS.FF'),
                  'Quick introduction to Amazon Web Services. The article takes reader though setting up a EC2 instance with a Load Balancer and Amazon Relational Database.',
                  'dzone.com',
                  NULL,
                  0,
                  FALSE,
                  'Beginners guide to Amazon Cloud',
                  'http://goo.gl/Zifv9',
                  298,
                  'https://dzone.com/links/beginners_guide_to_amazon_cloud.html');INSERT INTO link (id,
                  creation_date,
                  description,
                  domain,
                  locked,
                  note,
                  read,
                  title,
                  url,
                  user_id,
                  original_url)
        VALUES (
                  259,
                  TO_TIMESTAMP ('09/28/2001 01:00:00.00',
                                'MM/DD/YYYY fmHH24fm:MI:SS.FF'),
                  'I''ve been to a few talks on SOLID before. Most of the principles seem pretty reasonable to me  but I''ve never &quot;got&quot; the open-closed principle (OCP...',
                  'dzone.com',
                  NULL,
                  0,
                  FALSE,
                  'The Open-Closed Principle, in review',
                  'http://goo.gl/mJZgl',
                  298,
                  'https://dzone.com/links/the_openclosed_principle_in_review.html');INSERT INTO link (id,
                  creation_date,
                  description,
                  domain,
                  locked,
                  note,
                  read,
                  title,
                  url,
                  user_id,
                  original_url)
        VALUES (
                  22,
                  TO_TIMESTAMP ('09/28/2001 01:00:00.00',
                                'MM/DD/YYYY fmHH24fm:MI:SS.FF'),
                  NULL,
                  'www.linkedin.com',
                  NULL,
                  0,
                  FALSE,
                  'Sign Up | LinkedIn',
                  'http://goo.gl/MUTVe',
                  298,
                  'https://www.linkedin.com/groups/Is-DAO-Pattern-obsolete-Persistence-50472.S.162218998?view=&srchtype=discussedNews&gid=50472&item=162218998&type=member&trk=eml-anet_dig-b_mc-ttl-cn&ut=0VF6jLyl0M7Rs1');INSERT INTO link (id,
                  creation_date,
                  description,
                  domain,
                  locked,
                  note,
                  read,
                  title,
                  url,
                  user_id,
                  original_url)
        VALUES (
                  244,
                  TO_TIMESTAMP ('09/28/2001 01:00:00.00',
                                'MM/DD/YYYY fmHH24fm:MI:SS.FF'),
                  'Macros are an experimental feature of Scala 2.10. In this blog, you will see how to implement a swap macro that works for variables, collection elements, and...',
                  'dzone.com',
                  NULL,
                  0,
                  FALSE,
                  'A First Look at Scala Macros',
                  'http://goo.gl/Gkiid',
                  298,
                  'https://dzone.com/links/a_first_look_at_scala_macros.html');INSERT INTO link (id,
                  creation_date,
                  description,
                  domain,
                  locked,
                  note,
                  read,
                  title,
                  url,
                  user_id,
                  original_url)
        VALUES (
                  245,
                  TO_TIMESTAMP ('09/28/2001 01:00:00.00',
                                'MM/DD/YYYY fmHH24fm:MI:SS.FF'),
                  'With Scala 2.10 hitting Final this week, let''s see what other awesome features it brings. This time we''ll focus in Value classes, also known as the SIP-15 which...',
                  'dzone.com',
                  NULL,
                  0,
                  FALSE,
                  'Scala 2.10  or, why you will love implicit value classes',
                  'http://goo.gl/3pK1e',
                  298,
                  'https://dzone.com/links/scala_210_or_why_you_will_love_implicit_value_cla.html');INSERT INTO link (id,
                  creation_date,
                  description,
                  domain,
                  locked,
                  note,
                  read,
                  title,
                  url,
                  user_id,
                  original_url)
        VALUES (
                  247,
                  TO_TIMESTAMP ('09/28/2001 01:00:00.00',
                                'MM/DD/YYYY fmHH24fm:MI:SS.FF'),
                  'Nearly everyone who learns Scala can get confused over the word partial used in the contexts of partial functions and partially applied functions',
                  'dzone.com',
                  NULL,
                  0,
                  FALSE,
                  'Scala: Do You Partially Understand This?',
                  'http://goo.gl/4j4b5',
                  298,
                  'https://dzone.com/links/scala_do_you_partially_understand_this.html');INSERT INTO link (id,
                  creation_date,
                  description,
                  domain,
                  locked,
                  note,
                  read,
                  title,
                  url,
                  user_id,
                  original_url)
        VALUES (
                  248,
                  TO_TIMESTAMP ('09/28/2001 01:00:00.00',
                                'MM/DD/YYYY fmHH24fm:MI:SS.FF'),
                  'Matt Hicks continues his blog series about Hyperscala. After the first two introductory articles, he demonstrates how to build a simple chat application using...',
                  'dzone.com',
                  NULL,
                  0,
                  FALSE,
                  'Scala Topics :: Scala Collections I',
                  'http://goo.gl/a7esi',
                  298,
                  'https://dzone.com/links/scala_topics_scala_collections_i.html');INSERT INTO link (id,
                  creation_date,
                  description,
                  domain,
                  locked,
                  note,
                  read,
                  title,
                  url,
                  user_id,
                  original_url)
        VALUES (
                  250,
                  TO_TIMESTAMP ('09/28/2001 01:00:00.00',
                                'MM/DD/YYYY fmHH24fm:MI:SS.FF'),
                  'This is a great video to watch to see how easy it is.',
                  'dzone.com',
                  NULL,
                  0,
                  FALSE,
                  'Video: Create and Run Play Framework Apps in IntelliJ',
                  'http://goo.gl/AneDV',
                  298,
                  'https://dzone.com/links/video_create_and_run_play_framework_apps_in_intel.html');INSERT INTO link (id,
                  creation_date,
                  description,
                  domain,
                  locked,
                  note,
                  read,
                  title,
                  url,
                  user_id,
                  original_url)
        VALUES (
                  251,
                  TO_TIMESTAMP ('09/28/2001 01:00:00.00',
                                'MM/DD/YYYY fmHH24fm:MI:SS.FF'),
                  'Can we be memory efficient when we are using Collections ? I looked at Array based Collections here to see what its memory footprint is and how can we subtly...',
                  'dzone.com',
                  NULL,
                  0,
                  FALSE,
                  'ArrayList - managing memory efficiently',
                  'http://goo.gl/PAsxX',
                  298,
                  'https://dzone.com/links/arraylist_managing_memory_efficiently.html');INSERT INTO link (id,
                  creation_date,
                  description,
                  domain,
                  locked,
                  note,
                  read,
                  title,
                  url,
                  user_id,
                  original_url)
        VALUES (
                  431,
                  TO_TIMESTAMP ('09/28/2001 01:00:00.00',
                                'MM/DD/YYYY fmHH24fm:MI:SS.FF'),
                  'This Refcard is intended to bring you up to speed, and help you jump head-first into mobile HTML5 development. The card first covers the most important HTML5 mobile technologies, including key variati',
                  'dzone.com',
                  NULL,
                  0,
                  FALSE,
                  'HTML5 Mobile Development - Dzone Refcardz',
                  'http://goo.gl/rtR0O',
                  298,
                  'https://dzone.com/refcardz/html5-mobile-development');INSERT INTO link (id,
                  creation_date,
                  description,
                  domain,
                  locked,
                  note,
                  read,
                  title,
                  url,
                  user_id,
                  original_url)
        VALUES (
                  18,
                  TO_TIMESTAMP ('09/28/2001 01:00:00.00',
                                'MM/DD/YYYY fmHH24fm:MI:SS.FF'),
                  'Database indexes must fit to the queries. Therefore, it has to be done by those writing the queries.',
                  'use-the-index-luke.com',
                  NULL,
                  0,
                  FALSE,
                  'Who has to add the right indexes to an SQL database?',
                  'http://goo.gl/y1O3P',
                  298,
                  'http://use-the-index-luke.com/sql/preface');INSERT INTO link (id,
                  creation_date,
                  description,
                  domain,
                  locked,
                  note,
                  read,
                  title,
                  url,
                  user_id,
                  original_url)
        VALUES (
                  284,
                  TO_TIMESTAMP ('09/28/2001 01:00:00.00',
                                'MM/DD/YYYY fmHH24fm:MI:SS.FF'),
                  NULL,
                  'learningviacode.blogspot.fr',
                  NULL,
                  4,
                  TRUE,
                  'Learning the code way: new ArrayList(????)',
                  'http://goo.gl/kBUBd',
                  283,
                  'http://learningviacode.blogspot.fr/2013/03/new-arraylist.html');INSERT INTO link (id,
                  creation_date,
                  description,
                  domain,
                  locked,
                  note,
                  read,
                  title,
                  url,
                  user_id,
                  original_url)
        VALUES (
                  286,
                  TO_TIMESTAMP ('09/28/2001 01:00:00.00',
                                'MM/DD/YYYY fmHH24fm:MI:SS.FF'),
                  'All Unicode Symbols with Names and Descriptions on One Page:                                           ',
                  'unicode-table.com',
                  NULL,
                  5,
                  TRUE,
                  'Unicode character table',
                  'http://goo.gl/RGjlI',
                  283,
                  'http://unicode-table.com/en/#control-character');INSERT INTO link (id,
                  creation_date,
                  description,
                  domain,
                  locked,
                  note,
                  read,
                  title,
                  url,
                  user_id,
                  original_url)
        VALUES (
                  296,
                  TO_TIMESTAMP ('09/28/2001 01:00:00.00',
                                'MM/DD/YYYY fmHH24fm:MI:SS.FF'),
                  'Havent mastered the basics of Unicode and character sets? Please dont write another line of code until youve read this article.',
                  'www.joelonsoftware.com',
                  NULL,
                  0,
                  TRUE,
                  'The Absolute Minimum Every Software Developer Absolutely, Positively Must Know About Unicode and Cha',
                  'http://goo.gl/VxUl',
                  283,
                  'http://www.joelonsoftware.com/articles/Unicode.html');INSERT INTO link (id,
                  creation_date,
                  description,
                  domain,
                  locked,
                  note,
                  read,
                  title,
                  url,
                  user_id,
                  original_url)
        VALUES (
                  234,
                  TO_TIMESTAMP ('09/28/2001 01:00:00.00',
                                'MM/DD/YYYY fmHH24fm:MI:SS.FF'),
                  NULL,
                  'www.howtogeek.com',
                  NULL,
                  0,
                  TRUE,
                  '47 Keyboard Shortcuts That Work in All Web Browsers',
                  'http://goo.gl/86ufM',
                  298,
                  'http://www.howtogeek.com/114518/47-keyboard-shortcuts-that-work-in-all-web-browsers/');INSERT INTO link (id,
                  creation_date,
                  description,
                  domain,
                  locked,
                  note,
                  read,
                  title,
                  url,
                  user_id,
                  original_url)
        VALUES (
                  422,
                  TO_TIMESTAMP ('09/28/2001 01:00:00.00',
                                'MM/DD/YYYY fmHH24fm:MI:SS.FF'),
                  'Le but de ce tutoriel est de vous permettre de dcouvrir ce schma d''URI, de bien comprendre quand il est utile de l''utiliser et quand il faut l''viter, et au final de vous donner les outils ncessair',
                  'www.alsacreations.com',
                  NULL,
                  0,
                  FALSE,
                  'Le schma Data-URI - Alsacreations',
                  'http://goo.gl/4oP8m',
                  298,
                  'http://www.alsacreations.com/article/lire/1439-data-uri-schema.html');INSERT INTO link (id,
                  creation_date,
                  description,
                  domain,
                  locked,
                  note,
                  read,
                  title,
                  url,
                  user_id,
                  original_url)
        VALUES (
                  424,
                  TO_TIMESTAMP ('09/28/2001 01:00:00.00',
                                'MM/DD/YYYY fmHH24fm:MI:SS.FF'),
                  'Cabinet de conseil Agile spcialis dans les technologies Big Data, Cloud, Web, Architectures Java et mobile',
                  'blog.xebia.fr',
                  NULL,
                  0,
                  FALSE,
                  'Comprendre le fonctionnement de la JVM | Blog Technique Xebia - Cabinet de conseil IT',
                  'http://goo.gl/zsGMg',
                  298,
                  'http://blog.xebia.fr/2013/06/03/comprendre-le-fonctionnement-de-la-jvm-article-2/');INSERT INTO link (id,
                  creation_date,
                  description,
                  domain,
                  locked,
                  note,
                  read,
                  title,
                  url,
                  user_id,
                  original_url)
        VALUES (
                  425,
                  TO_TIMESTAMP ('09/28/2001 01:00:00.00',
                                'MM/DD/YYYY fmHH24fm:MI:SS.FF'),
                  'Cabinet de conseil Agile spcialis dans les technologies Big Data, Cloud, Web, Architectures Java et mobile',
                  'blog.xebia.fr',
                  NULL,
                  0,
                  FALSE,
                  'Javascript, retour aux bases : constructeur, prototype et hritage | Blog Technique Xebia - Cabinet ',
                  'http://goo.gl/hCWQ5',
                  283,
                  'http://blog.xebia.fr/2013/06/10/javascript-retour-aux-bases-constructeur-prototype-et-heritage/');INSERT INTO link (id,
                  creation_date,
                  description,
                  domain,
                  locked,
                  note,
                  read,
                  title,
                  url,
                  user_id,
                  original_url)
        VALUES (
                  427,
                  TO_TIMESTAMP ('09/28/2001 01:00:00.00',
                                'MM/DD/YYYY fmHH24fm:MI:SS.FF'),
                  NULL,
                  'blog.ninja-squad.com',
                  NULL,
                  0,
                  FALSE,
                  'Ninja Squad - Branching avec git',
                  'http://goo.gl/xnYpW',
                  298,
                  'http://blog.ninja-squad.com/2013/06/03/branching-with-git/');INSERT INTO link (id,
                  creation_date,
                  description,
                  domain,
                  locked,
                  note,
                  read,
                  title,
                  url,
                  user_id,
                  original_url)
        VALUES (
                  429,
                  TO_TIMESTAMP ('09/28/2001 01:00:00.00',
                                'MM/DD/YYYY fmHH24fm:MI:SS.FF'),
                  NULL,
                  'www.jmdoudoux.fr',
                  NULL,
                  0,
                  FALSE,
                  'Dveloppons en Java - Les services web de type Soap',
                  'http://goo.gl/AKNyn',
                  298,
                  'http://www.jmdoudoux.fr/java/dej/chap-service-web.htm');INSERT INTO link (id,
                  creation_date,
                  description,
                  domain,
                  locked,
                  note,
                  read,
                  title,
                  url,
                  user_id,
                  original_url)
        VALUES (
                  461,
                  TO_TIMESTAMP ('09/28/2001 01:00:00.00',
                                'MM/DD/YYYY fmHH24fm:MI:SS.FF'),
                  NULL,
                  'hmkcode.com',
                  NULL,
                  0,
                  FALSE,
                  'Java Servlet 3.0 Asynchronous Support | HMKCode',
                  'http://goo.gl/Bn4pJZ',
                  298,
                  'http://hmkcode.com/java-servlet-3-0-asynchronous-support/');INSERT INTO link (id,
                  creation_date,
                  description,
                  domain,
                  locked,
                  note,
                  read,
                  title,
                  url,
                  user_id,
                  original_url)
        VALUES (
                  393,
                  TO_TIMESTAMP ('09/28/2001 01:00:00.00',
                                'MM/DD/YYYY fmHH24fm:MI:SS.FF'),
                  NULL,
                  'vigyaan.com',
                  NULL,
                  5,
                  FALSE,
                  'Vigyaan - technology blog',
                  'http://goo.gl/wB344',
                  392,
                  'http://vigyaan.com/');INSERT INTO link (id,
                  creation_date,
                  description,
                  domain,
                  locked,
                  note,
                  read,
                  title,
                  url,
                  user_id,
                  original_url)
        VALUES (
                  16,
                  TO_TIMESTAMP ('09/28/2001 01:00:00.00',
                                'MM/DD/YYYY fmHH24fm:MI:SS.FF'),
                  'We use Akka Futures extensively for a product built to handle huge load of streaming data. We have been early adopters of Akka and been using it right from its Akka 1.1.X days. We found Futures as sim',
                  'blog.knoldus.com',
                  NULL,
                  0,
                  FALSE,
                  'Akka Futures In Scala With A Simple Example | Knoldus',
                  'http://goo.gl/hYpyr',
                  298,
                  'http://blog.knoldus.com/2013/01/12/akka-futures-in-scala-with-a-simple-example/');INSERT INTO link (id,
                  creation_date,
                  description,
                  domain,
                  locked,
                  note,
                  read,
                  title,
                  url,
                  user_id,
                  original_url)
        VALUES (
                  437,
                  TO_TIMESTAMP ('09/28/2001 01:00:00.00',
                                'MM/DD/YYYY fmHH24fm:MI:SS.FF'),
                  NULL,
                  'www.google.lu',
                  NULL,
                  0,
                  TRUE,
                  'search?q=partir%20pour%20le%20canada&oq=partir%20pour%20le%20canada&aqs=chrome.0.57j60j65j60l2',
                  'http://goo.gl/BDM1f',
                  298,
                  'https://www.google.lu/search?q=partir%20pour%20le%20canada&oq=partir%20pour%20le%20canada&aqs=chrome.0.57j60j65j60l2.3259j0&sourceid=chrome&ie=UTF-8');INSERT INTO link (id,
                  creation_date,
                  description,
                  domain,
                  locked,
                  note,
                  read,
                  title,
                  url,
                  user_id,
                  original_url)
        VALUES (
                  73,
                  TO_TIMESTAMP ('09/28/2001 01:00:00.00',
                                'MM/DD/YYYY fmHH24fm:MI:SS.FF'),
                  'A Tutorial on JSTL Functions',
                  'www.a2ztechguide.com',
                  NULL,
                  0,
                  FALSE,
                  'A Tutorial on JSTL Functions | Programming | Tutorials | How to | Java | JavaScript | AJAX | Oracle ',
                  'http://goo.gl/A9k0j',
                  298,
                  'http://www.a2ztechguide.com/2011/09/tutorial-on-jstl-functions.html');INSERT INTO link (id,
                  creation_date,
                  description,
                  domain,
                  locked,
                  note,
                  read,
                  title,
                  url,
                  user_id,
                  original_url)
        VALUES (
                  136,
                  TO_TIMESTAMP ('09/28/2001 01:00:00.00',
                                'MM/DD/YYYY fmHH24fm:MI:SS.FF'),
                  'In this tutorial we will compare three commonly used libraries which are used on the top of your JSF implementation. Richfaces, IceFaces and Primefaces.',
                  'www.mastertheboss.com',
                  NULL,
                  0,
                  FALSE,
                  'PrimeFaces vs RichFaces vs IceFaces',
                  'http://goo.gl/lksNF',
                  298,
                  'http://www.mastertheboss.com/jboss-web/richfaces/primefaces-vs-richfaces-vs-icefaces');INSERT INTO link (id,
                  creation_date,
                  description,
                  domain,
                  locked,
                  note,
                  read,
                  title,
                  url,
                  user_id,
                  original_url)
        VALUES (
                  318,
                  TO_TIMESTAMP ('09/28/2001 01:00:00.00',
                                'MM/DD/YYYY fmHH24fm:MI:SS.FF'),
                  'Aprs le Raspberry Pi en tant que  Time Capsule  et le Raspberry Pi en tant que serveur AirPrint, attaquons-nous  une solution souvent demande : le Raspberry Pi en tant que rcepteur AirPlay.',
                  'www.macg.co',
                  NULL,
                  0,
                  FALSE,
                  'Macberry Pi : utiliser un Raspberry Pi comme rcepteur AirPlay | MacGeneration',
                  'http://goo.gl/y62HA',
                  304,
                  'http://www.macg.co/mat%C3%A9riel/2013/03/macberry-pi-utiliser-un-raspberry-pi-comme-r%C3%A9cepteur-airplay-77054');INSERT INTO link (id,
                  creation_date,
                  description,
                  domain,
                  locked,
                  note,
                  read,
                  title,
                  url,
                  user_id,
                  original_url)
        VALUES (
                  371,
                  TO_TIMESTAMP ('09/28/2001 01:00:00.00',
                                'MM/DD/YYYY fmHH24fm:MI:SS.FF'),
                  'Selecting a JavaScript MVC framework can be hard work. There are so many factors to consider and so many options out there that selecting a framework ',
                  'sporto.github.io',
                  NULL,
                  0,
                  TRUE,
                  'A Comparison of Angular, Backbone, CanJS and Ember - Sebastian''s Blog',
                  'http://goo.gl/id8wU',
                  298,
                  'http://sporto.github.io/blog/2013/04/12/comparison-angular-backbone-can-ember/');INSERT INTO link (id,
                  creation_date,
                  description,
                  domain,
                  locked,
                  note,
                  read,
                  title,
                  url,
                  user_id,
                  original_url)
        VALUES (
                  407,
                  TO_TIMESTAMP ('09/28/2001 01:00:00.00',
                                'MM/DD/YYYY fmHH24fm:MI:SS.FF'),
                  'This article looks at the state-of-the-art advanced GC algorithms and important tuning options and compares them for diverse real-world scenarios.',
                  'blog.mgm-tp.com',
                  NULL,
                  0,
                  FALSE,
                  'Tuning Garbage Collection for Mission-Critical Java Applications - Tuning Guidelines for Java Garbag',
                  'http://goo.gl/BLSSW',
                  298,
                  'http://blog.mgm-tp.com/2013/03/garbage-collection-tuning/');INSERT INTO link (id,
                  creation_date,
                  description,
                  domain,
                  locked,
                  note,
                  read,
                  title,
                  url,
                  user_id,
                  original_url)
        VALUES (
                  239,
                  TO_TIMESTAMP ('09/28/2001 01:00:00.00',
                                'MM/DD/YYYY fmHH24fm:MI:SS.FF'),
                  'Aside from them, the other free cross browser testing tool is Browser Sandox. It can test your website for any of the popular browsers that we have today.',
                  'designmodo.com',
                  NULL,
                  5,
                  TRUE,
                  'Best Tools For Cross-Browser Compatibility Check - Designmodo',
                  'http://goo.gl/2ogeQ',
                  298,
                  'http://designmodo.com/bcross-browser-compatibility/');INSERT INTO link (id,
                  creation_date,
                  description,
                  domain,
                  locked,
                  note,
                  read,
                  title,
                  url,
                  user_id,
                  original_url)
        VALUES (
                  42,
                  TO_TIMESTAMP ('09/28/2001 01:00:00.00',
                                'MM/DD/YYYY fmHH24fm:MI:SS.FF'),
                  '
In this article you will learn how to get started building web applications with Play 2, Scala, Squeryl, JSON, CoffeeScript, and jQuery.  You will also learn how to test the application with ScalaTes',
                  'www.artima.com',
                  NULL,
                  0,
                  FALSE,
                  'Getting Started with Play 2, Scala, and Squeryl',
                  'http://goo.gl/1EDbj',
                  298,
                  'http://www.artima.com/articles/play2_scala_squeryl.html');INSERT INTO link (id,
                  creation_date,
                  description,
                  domain,
                  locked,
                  note,
                  read,
                  title,
                  url,
                  user_id,
                  original_url)
        VALUES (
                  71,
                  TO_TIMESTAMP ('09/28/2001 01:00:00.00',
                                'MM/DD/YYYY fmHH24fm:MI:SS.FF'),
                  'Whilst we see, read and hear a lot about the new semantic elements in HTML5 we arguably hear far less about the application programming interfaces (APIs) t',
                  'www.webappers.com',
                  NULL,
                  0,
                  FALSE,
                  'HTML5 APIs and Specification for Web Developers | Web Resources | WebAppers',
                  'http://goo.gl/1x7o7',
                  298,
                  'http://www.webappers.com/2012/01/20/html5-apis-and-specification-for-web-developers/?utm_source=feedburner&utm_medium=feed&utm_campaign=Feed%3A+Webappers+(WebAppers)&utm_content=Google+Reader');INSERT INTO link (id,
                  creation_date,
                  description,
                  domain,
                  locked,
                  note,
                  read,
                  title,
                  url,
                  user_id,
                  original_url)
        VALUES (
                  130,
                  TO_TIMESTAMP ('09/28/2001 01:00:00.00',
                                'MM/DD/YYYY fmHH24fm:MI:SS.FF'),
                  'J''ai traduit ce deuxime billet de Eli Weinstock-Herman&nbsp;: Applying Kanban to IT Processes (Part 2). Cet article est le deuxime d''un ensemble d''articles qui dcrit les',
                  'www.fabrice-aimetti.fr',
                  NULL,
                  0,
                  FALSE,
                  'Appliquer Kanban aux processus informatiques (2) - Fabrice Aimetti',
                  'http://goo.gl/09Qm7',
                  298,
                  'http://www.fabrice-aimetti.fr/dotclear/index.php?post/2011/07/08/Appliquer-Kanban-aux-processus-informatiques-2');INSERT INTO link (id,
                  creation_date,
                  description,
                  domain,
                  locked,
                  note,
                  read,
                  title,
                  url,
                  user_id,
                  original_url)
        VALUES (
                  164,
                  TO_TIMESTAMP ('09/28/2001 01:00:00.00',
                                'MM/DD/YYYY fmHH24fm:MI:SS.FF'),
                  'This list introduce some free and premium jQuery calendar plugins for your next project.',
                  'technotab.com',
                  NULL,
                  0,
                  FALSE,
                  '10 Best Free and Premium jQuery Calendar Plugins | Techno Tab',
                  'http://goo.gl/Huz1v',
                  298,
                  'http://technotab.com/10-best-free-and-premium-jquery-calendar-plugins/');INSERT INTO link (id,
                  creation_date,
                  description,
                  domain,
                  locked,
                  note,
                  read,
                  title,
                  url,
                  user_id,
                  original_url)
        VALUES (
                  177,
                  TO_TIMESTAMP ('09/28/2001 01:00:00.00',
                                'MM/DD/YYYY fmHH24fm:MI:SS.FF'),
                  NULL,
                  'zeroturnaround.com',
                  NULL,
                  0,
                  FALSE,
                  'Scala: Sink or Swim? Part 3 | zeroturnaround.com',
                  'http://goo.gl/NFFtD',
                  298,
                  'http://zeroturnaround.com/rebellabs/scala-sink-or-swim-part-3/');INSERT INTO link (id,
                  creation_date,
                  description,
                  domain,
                  locked,
                  note,
                  read,
                  title,
                  url,
                  user_id,
                  original_url)
        VALUES (
                  197,
                  TO_TIMESTAMP ('09/28/2001 01:00:00.00',
                                'MM/DD/YYYY fmHH24fm:MI:SS.FF'),
                  'Cabinet de conseil Agile spcialis dans les technologies Big Data, Cloud, Web, Architectures Java et mobile',
                  'blog.xebia.fr',
                  NULL,
                  0,
                  FALSE,
                  'Les types monadiques de Scala  Le type Either | Blog Technique Xebia - Cabinet de conseil IT',
                  'http://goo.gl/vU5vW',
                  298,
                  'http://blog.xebia.fr/2012/04/05/les-types-monadiques-de-scala-le-type-either/');INSERT INTO link (id,
                  creation_date,
                  description,
                  domain,
                  locked,
                  note,
                  read,
                  title,
                  url,
                  user_id,
                  original_url)
        VALUES (
                  230,
                  TO_TIMESTAMP ('09/28/2001 01:00:00.00',
                                'MM/DD/YYYY fmHH24fm:MI:SS.FF'),
                  'Blog d''un passionn de technologies, de trucs de geeks, de PHP et de Javascript (surtout jQuery).',
                  'www.mathieurobin.com',
                  NULL,
                  0,
                  FALSE,
                  'Raliser des graphiques avec JavaScript, 12 outils | MathieuRobin.com',
                  'http://goo.gl/IokI4',
                  298,
                  'http://www.mathieurobin.com/2012/05/realiser-des-graphiques-avec-javascript/');INSERT INTO link (id,
                  creation_date,
                  description,
                  domain,
                  locked,
                  note,
                  read,
                  title,
                  url,
                  user_id,
                  original_url)
        VALUES (
                  357,
                  TO_TIMESTAMP ('09/28/2001 01:00:00.00',
                                'MM/DD/YYYY fmHH24fm:MI:SS.FF'),
                  'Domain-Specific Languages with Groovy',
                  'fr.slideshare.net',
                  NULL,
                  0,
                  FALSE,
                  'Groovy DSLs, from Beginner to Expert - Guillaume Laforge and Paul Kin',
                  'http://goo.gl/7pJCX',
                  298,
                  'http://fr.slideshare.net/glaforge/groovy-dsls-from-beginner-to-expert-guillaume-laforge-and-paul-king-springone2gx-2011?ref=http://glaforge.appspot.com/article/groovy-domain-specific-languages-in-chicago');INSERT INTO link (id,
                  creation_date,
                  description,
                  domain,
                  locked,
                  note,
                  read,
                  title,
                  url,
                  user_id,
                  original_url)
        VALUES (
                  358,
                  TO_TIMESTAMP ('09/28/2001 01:00:00.00',
                                'MM/DD/YYYY fmHH24fm:MI:SS.FF'),
                  'Crdit photo: zemoko (NDLR: j''cris ce billet pendant l''installation de WIndows 7, histoire de ne pas compltement perdre mon temps) Beaucoup de personnes',
                  'www.oxeron.com',
                  NULL,
                  0,
                  TRUE,
                  'Comment devenir indpendant au Luxembourg, partie 1 | Oxeron Internet and Mobile Service Sarl',
                  'http://goo.gl/XWHVf',
                  298,
                  'http://www.oxeron.com/2009/01/13/comment-devenir-independant-au-luxembourg-partie-1');INSERT INTO link (id,
                  creation_date,
                  description,
                  domain,
                  locked,
                  note,
                  read,
                  title,
                  url,
                  user_id,
                  original_url)
        VALUES (
                  174,
                  TO_TIMESTAMP ('09/28/2001 01:00:00.00',
                                'MM/DD/YYYY fmHH24fm:MI:SS.FF'),
                  'Le positionnement des lments en CSS est sans aucun doute l''un des aspects les plus intressants de cette technologie, mais galement l''un des plus ardus. Positions, flux et autres flottants sont pou',
                  'www.alsacreations.com',
                  NULL,
                  0,
                  FALSE,
                  'Initiation au positionnement CSS (partie 2) - Alsacreations',
                  'http://goo.gl/A3Uxz',
                  298,
                  'http://www.alsacreations.com/tuto/lire/608-initiation-au-positionnement-css-partie-2.html');INSERT INTO link (id,
                  creation_date,
                  description,
                  domain,
                  locked,
                  note,
                  read,
                  title,
                  url,
                  user_id,
                  original_url)
        VALUES (
                  215,
                  TO_TIMESTAMP ('09/28/2001 01:00:00.00',
                                'MM/DD/YYYY fmHH24fm:MI:SS.FF'),
                  NULL,
                  'linsolas.free.fr',
                  NULL,
                  0,
                  FALSE,
                  'Chouchoutez votre code JavaScript  romain.getBlog( );',
                  'http://goo.gl/HFbjz',
                  298,
                  'http://linsolas.free.fr/wordpress/index.php/2012/04/chouchoutez-votre-code-javascript/');INSERT INTO link (id,
                  creation_date,
                  description,
                  domain,
                  locked,
                  note,
                  read,
                  title,
                  url,
                  user_id,
                  original_url)
        VALUES (
                  274,
                  TO_TIMESTAMP ('09/28/2001 01:00:00.00',
                                'MM/DD/YYYY fmHH24fm:MI:SS.FF'),
                  'Achetez et vendez des produits lectroniques, voitures, vtements, pices de collection, articles de sport, appareils photo numriques, articles pour bbs, bons d''achat et de nombreux autres objets s',
                  'www.ebay.fr',
                  NULL,
                  0,
                  FALSE,
                  'Produits lectroniques, Voitures, Vtements, Objets de collection, Bons d''achat et autres achats en ',
                  'http://goo.gl/uAfWi',
                  268,
                  'http://www.ebay.fr/');INSERT INTO link (id,
                  creation_date,
                  description,
                  domain,
                  locked,
                  note,
                  read,
                  title,
                  url,
                  user_id,
                  original_url)
        VALUES (
                  113,
                  TO_TIMESTAMP ('09/28/2001 01:00:00.00',
                                'MM/DD/YYYY fmHH24fm:MI:SS.FF'),
                  'Google vient de publier une petite vido qui montre et rsume et moins de deux minutes l''essentiel des fonctions et options de son moteur de recherche.',
                  'www.presse-citron.net',
                  NULL,
                  0,
                  FALSE,
                  'Deux Minutes Pour Mieux Utiliser Google (vido) | Presse-Citron',
                  'http://goo.gl/eIhFL',
                  298,
                  'http://www.presse-citron.net/tous-les-trucs-pour-mieux-utiliser-google-video/?utm_source=feedburner&utm_medium=feed&utm_campaign=Feed%3A+Pressecitron+(Presse-citron+-+Le+blog)&utm_content=Google+Re');INSERT INTO link (id,
                  creation_date,
                  description,
                  domain,
                  locked,
                  note,
                  read,
                  title,
                  url,
                  user_id,
                  original_url)
        VALUES (
                  402,
                  TO_TIMESTAMP ('09/28/2001 01:00:00.00',
                                'MM/DD/YYYY fmHH24fm:MI:SS.FF'),
                  'Aujourd''hui, un petit billet dans la srie de co-criture que nous avonsentam avec Guilhem il y a quelques jours. Ce coup-ci, c''est lui aux manettes pour le',
                  'www.imctobitch.com',
                  NULL,
                  0,
                  TRUE,
                  '7 bonnes raisons pour quitter votre job en SSII ou Web Agency et rejoindre une startup | I''m CTO bit',
                  'http://goo.gl/bRNr8',
                  298,
                  'http://www.imctobitch.com/7-bonnes-raisons-pour-quitter-votre-job-en-ssii-ou-web-agency-et-rejoindre-une-startup/');INSERT INTO link (id,
                  creation_date,
                  description,
                  domain,
                  locked,
                  note,
                  read,
                  title,
                  url,
                  user_id,
                  original_url)
        VALUES (
                  139,
                  TO_TIMESTAMP ('09/28/2001 01:00:00.00',
                                'MM/DD/YYYY fmHH24fm:MI:SS.FF'),
                  'Blog written by Irian employees that covers news about Irian, useful coding tips and information about new products and updates.',
                  'www.irian.at',
                  NULL,
                  0,
                  FALSE,
                  'Marrying JSF and Scala Part 3 - Custom Components in Scala - Blog - Irian',
                  'http://goo.gl/uzzIQ',
                  298,
                  'http://www.irian.at/en/blog/-/blogs/marrying-jsf-and-scala-part-3-custom-components-in-scala');INSERT INTO link (id,
                  creation_date,
                  description,
                  domain,
                  locked,
                  note,
                  read,
                  title,
                  url,
                  user_id,
                  original_url)
        VALUES (
                  377,
                  TO_TIMESTAMP ('09/28/2001 01:00:00.00',
                                'MM/DD/YYYY fmHH24fm:MI:SS.FF'),
                  'Cabinet de conseil Agile spcialis dans les technologies Big Data, Cloud, Web, Architectures Java et mobile',
                  'blog.xebia.fr',
                  NULL,
                  0,
                  FALSE,
                  'Le TechTrends est disponible ! | Blog Technique Xebia - Cabinet de conseil IT',
                  'http://goo.gl/Az7sT',
                  304,
                  'http://blog.xebia.fr/2013/04/17/le-techtrends-est-disponible/');INSERT INTO link (id,
                  creation_date,
                  description,
                  domain,
                  locked,
                  note,
                  read,
                  title,
                  url,
                  user_id,
                  original_url)
        VALUES (
                  279,
                  TO_TIMESTAMP ('09/28/2001 01:00:00.00',
                                'MM/DD/YYYY fmHH24fm:MI:SS.FF'),
                  'Pour acheter votre Destockage Ordinateur pas cher et pour bnficier du meilleur prix pour l''achat de votre Destockage Ordinateur : Rueducommerce',
                  'www.rueducommerce.fr',
                  NULL,
                  0,
                  TRUE,
                  'Destockage Ordinateur - Achat/Vente Destockage Ordinateur Pas Cher - Rueducommerce',
                  'http://goo.gl/uWd8T',
                  253,
                  'http://www.rueducommerce.fr/selection/3395?s=&sb=&so=&a%5B%5D=2-30-0&st=&ins=&pma=&pmi=&ra=#xtor=EPR-9-%5BDESTO_1703%5D-20130317-%5Bpctab%5D');INSERT INTO link (id,
                  creation_date,
                  description,
                  domain,
                  locked,
                  note,
                  read,
                  title,
                  url,
                  user_id,
                  original_url)
        VALUES (
                  228,
                  TO_TIMESTAMP ('09/28/2001 01:00:00.00',
                                'MM/DD/YYYY fmHH24fm:MI:SS.FF'),
                  ' progmod.org est votre source dinformations gnralistes sur le web ! Nous vous souhaitons de fructueuses recherches ! progmod.org ',
                  'progmod.org',
                  NULL,
                  0,
                  FALSE,
                  'progmod.org - Portail d''informations',
                  'http://goo.gl/r81hD',
                  298,
                  'http://progmod.org/nouvelle/20/le-javascript-moderne');INSERT INTO link (id,
                  creation_date,
                  description,
                  domain,
                  locked,
                  note,
                  read,
                  title,
                  url,
                  user_id,
                  original_url)
        VALUES (
                  91,
                  TO_TIMESTAMP ('09/28/2001 01:00:00.00',
                                'MM/DD/YYYY fmHH24fm:MI:SS.FF'),
                  'Cabinet de conseil Agile spcialis dans les technologies Big Data, Cloud, Web, Architectures Java et mobile',
                  'blog.xebia.fr',
                  NULL,
                  0,
                  FALSE,
                  'Spring, Hibernate, DBUnit et Surefire  Paralllisez vos tests | Blog Technique Xebia - Cabinet de c',
                  'http://goo.gl/HthmV',
                  298,
                  'http://blog.xebia.fr/2012/02/03/spring-hibernate-dbunit-et-surefire-parallelisez-vos-tests/');INSERT INTO link (id,
                  creation_date,
                  description,
                  domain,
                  locked,
                  note,
                  read,
                  title,
                  url,
                  user_id,
                  original_url)
        VALUES (
                  201,
                  TO_TIMESTAMP ('09/28/2001 01:00:00.00',
                                'MM/DD/YYYY fmHH24fm:MI:SS.FF'),
                  'Deferring JavaScript execution is an efficient approach to accelerate web page loading and improve user experience on reading. From the true experience, migrating our website to a Softlayer dedicated ',
                  'www.queness.com',
                  NULL,
                  0,
                  FALSE,
                  'Speed Up Web Page Loading By Deferring Javascript',
                  'http://goo.gl/P6Xfa',
                  298,
                  'http://www.queness.com/post/11156/speed-up-web-page-loading-by-deferring-javascript');INSERT INTO link (id,
                  creation_date,
                  description,
                  domain,
                  locked,
                  note,
                  read,
                  title,
                  url,
                  user_id,
                  original_url)
        VALUES (
                  338,
                  TO_TIMESTAMP ('09/28/2001 01:00:00.00',
                                'MM/DD/YYYY fmHH24fm:MI:SS.FF'),
                  'Le directeur du Boncoin cultive un style simple, un management soft, Et un got immodr pour les voyages.',
                  'www.liberation.fr',
                  NULL,
                  0,
                  FALSE,
                  'Olivier Aizac, un patron pour qui lerrance est humaine - Libration',
                  'http://goo.gl/smV6p',
                  304,
                  'http://www.liberation.fr/futurs/2013/01/20/olivier-aizac-un-patron-pour-qui-l-errance-est-humaine_875385');INSERT INTO link (id,
                  creation_date,
                  description,
                  domain,
                  locked,
                  note,
                  read,
                  title,
                  url,
                  user_id,
                  original_url)
        VALUES (
                  270,
                  TO_TIMESTAMP ('09/28/2001 01:00:00.00',
                                'MM/DD/YYYY fmHH24fm:MI:SS.FF'),
                  '     Internet Explorer for Mac the Easy Way: Run IE 7, IE8, & IE9 Free in a Virtual Machine ',
                  'osxdaily.com',
                  NULL,
                  0,
                  TRUE,
                  'Internet Explorer for Mac the Easy Way: Run IE 7, IE8, & IE9 Free in a Virtual Machine',
                  'http://goo.gl/OSSdT',
                  298,
                  'http://osxdaily.com/2011/09/04/internet-explorer-for-mac-ie7-ie8-ie-9-free/');INSERT INTO link (id,
                  creation_date,
                  description,
                  domain,
                  locked,
                  note,
                  read,
                  title,
                  url,
                  user_id,
                  original_url)
        VALUES (
                  20,
                  TO_TIMESTAMP ('09/28/2001 01:00:00.00',
                                'MM/DD/YYYY fmHH24fm:MI:SS.FF'),
                  'De la srie aux pisodes, des acteurs aux personnages, des photos aux vidos en passant par les musiques : House-Fr.com, tout ce que tu dois savoir sur la srie Dr House !',
                  'www.house-fr.com',
                  NULL,
                  0,
                  TRUE,
                  'Les baskets du Dr House  Dr House - House-Fr.com',
                  'http://goo.gl/0TLoh',
                  298,
                  'http://www.house-fr.com/dossiers/Les_baskets_de_House');INSERT INTO link (id,
                  creation_date,
                  description,
                  domain,
                  locked,
                  note,
                  read,
                  title,
                  url,
                  user_id,
                  original_url)
        VALUES (
                  430,
                  TO_TIMESTAMP ('09/28/2001 01:00:00.00',
                                'MM/DD/YYYY fmHH24fm:MI:SS.FF'),
                  'With so many new trends advancing every year it can be difficult keeping up with the industry. Website designers and frontend developers have been deeply',
                  'www.hongkiat.com',
                  NULL,
                  0,
                  FALSE,
                  '50 Useful CSS Snippets Every Designer Should Have - Hongkiat',
                  'http://goo.gl/Z9V93',
                  298,
                  'http://www.hongkiat.com/blog/css-snippets-for-designers/');COMMIT;





INSERT INTO tag (id, label)
     VALUES (355, 'crossbrowser');INSERT INTO tag (id, label)
     VALUES (17, 'akka');INSERT INTO tag (id, label)
     VALUES (21, 'house');INSERT INTO tag (id, label)
     VALUES (26, 'enterprise');INSERT INTO tag (id, label)
     VALUES (30, 'jmeter');INSERT INTO tag (id, label)
     VALUES (27, 'integration');INSERT INTO tag (id, label)
     VALUES (34, 'android');INSERT INTO tag (id, label)
     VALUES (176, 'memoryleak');INSERT INTO tag (id, label)
     VALUES (38, 'gwt');INSERT INTO tag (id, label)
     VALUES (41, 'meyer');INSERT INTO tag (id, label)
     VALUES (36, 'play');INSERT INTO tag (id, label)
     VALUES (233, 'sql');INSERT INTO tag (id, label)
     VALUES (326, 'emulator');INSERT INTO tag (id, label)
     VALUES (181, 'job');INSERT INTO tag (id, label)
     VALUES (183, 'hibernate');INSERT INTO tag (id, label)
     VALUES (19, 'raspberry');INSERT INTO tag (id, label)
     VALUES (99, 'collection');INSERT INTO tag (id, label)
     VALUES (51, 'backbone');INSERT INTO tag (id, label)
     VALUES (185, 'selenium');INSERT INTO tag (id, label)
     VALUES (56, 'atmosphere');INSERT INTO tag (id, label)
     VALUES (63, 'hadoop');INSERT INTO tag (id, label)
     VALUES (54, 'architecture');INSERT INTO tag (id, label)
     VALUES (264, 'sport');INSERT INTO tag (id, label)
     VALUES (360, 'tool');INSERT INTO tag (id, label)
     VALUES (70, 'parallax');INSERT INTO tag (id, label)
     VALUES (364, 'economy');INSERT INTO tag (id, label)
     VALUES (193, 'paas');INSERT INTO tag (id, label)
     VALUES (74, 'jstl');INSERT INTO tag (id, label)
     VALUES (192, 'heroku');INSERT INTO tag (id, label)
     VALUES (78, 'domaindriven');INSERT INTO tag (id, label)
     VALUES (80, 'serialization');INSERT INTO tag (id, label)
     VALUES (82, 'soa');INSERT INTO tag (id, label)
     VALUES (84, 'postgresql');INSERT INTO tag (id, label)
     VALUES (129, 'web');INSERT INTO tag (id, label)
     VALUES (87, 'antipattern');INSERT INTO tag (id, label)
     VALUES (61, 'test');INSERT INTO tag (id, label)
     VALUES (271, 'ie');INSERT INTO tag (id, label)
     VALUES (93, 'command');INSERT INTO tag (id, label)
     VALUES (94, 'unix');INSERT INTO tag (id, label)
     VALUES (272, 'a');INSERT INTO tag (id, label)
     VALUES (23, 'jpa');INSERT INTO tag (id, label)
     VALUES (101, 'freelance');INSERT INTO tag (id, label)
     VALUES (103, 'thrift');INSERT INTO tag (id, label)
     VALUES (273, 'b');INSERT INTO tag (id, label)
     VALUES (85, 'glassfish');INSERT INTO tag (id, label)
     VALUES (108, 'deployment');INSERT INTO tag (id, label)
     VALUES (280, 'tablette');INSERT INTO tag (id, label)
     VALUES (370, 'tutu');INSERT INTO tag (id, label)
     VALUES (477, 'keepass');INSERT INTO tag (id, label)
     VALUES (97, 'lucene');INSERT INTO tag (id, label)
     VALUES (373, 'maven');INSERT INTO tag (id, label)
     VALUES (222, 'memory');INSERT INTO tag (id, label)
     VALUES (205, 'chromeextension');INSERT INTO tag (id, label)
     VALUES (121, 'nosql');INSERT INTO tag (id, label)
     VALUES (120, 'neo4j');INSERT INTO tag (id, label)
     VALUES (209, 'gimp');INSERT INTO tag (id, label)
     VALUES (211, 'functionnal');INSERT INTO tag (id, label)
     VALUES (289, 'link');INSERT INTO tag (id, label)
     VALUES (127, 'kanban');INSERT INTO tag (id, label)
     VALUES (44, 'design');INSERT INTO tag (id, label)
     VALUES (90, 'j2ee');INSERT INTO tag (id, label)
     VALUES (376, 'leech');INSERT INTO tag (id, label)
     VALUES (137, 'jsf');INSERT INTO tag (id, label)
     VALUES (141, 'cleancode');INSERT INTO tag (id, label)
     VALUES (293, 'tata');INSERT INTO tag (id, label)
     VALUES (374, 'java7');INSERT INTO tag (id, label)
     VALUES (105, 'http');INSERT INTO tag (id, label)
     VALUES (287, 'unicode');INSERT INTO tag (id, label)
     VALUES (300, 'castcodeurs');INSERT INTO tag (id, label)
     VALUES (68, 'html5');INSERT INTO tag (id, label)
     VALUES (378, 'trend');INSERT INTO tag (id, label)
     VALUES (40, 'css');INSERT INTO tag (id, label)
     VALUES (144, 'jquery');INSERT INTO tag (id, label)
     VALUES (135, 'arquillian');INSERT INTO tag (id, label)
     VALUES (240, 'html');INSERT INTO tag (id, label)
     VALUES (380, 'sprite');INSERT INTO tag (id, label)
     VALUES (317, 'tumblr');INSERT INTO tag (id, label)
     VALUES (383, 'performance');INSERT INTO tag (id, label)
     VALUES (114, 'google');INSERT INTO tag (id, label)
     VALUES (325, 'ipad');INSERT INTO tag (id, label)
     VALUES (32, 'spring');INSERT INTO tag (id, label)
     VALUES (329, 'bidouille');INSERT INTO tag (id, label)
     VALUES (166, 'camel');INSERT INTO tag (id, label)
     VALUES (170, 'generics');INSERT INTO tag (id, label)
     VALUES (330, 'cache');INSERT INTO tag (id, label)
     VALUES (331, 'guava');INSERT INTO tag (id, label)
     VALUES (386, 'sonar');INSERT INTO tag (id, label)
     VALUES (196, 'mobile');INSERT INTO tag (id, label)
     VALUES (332, 'tests');INSERT INTO tag (id, label)
     VALUES (237, 'cs');INSERT INTO tag (id, label)
     VALUES (242, 'jta');INSERT INTO tag (id, label)
     VALUES (25, 'pattern');INSERT INTO tag (id, label)
     VALUES (8, 'tv');INSERT INTO tag (id, label)
     VALUES (9, 'music');INSERT INTO tag (id, label)
     VALUES (333, 'toto');INSERT INTO tag (id, label)
     VALUES (394, 'blog');INSERT INTO tag (id, label)
     VALUES (123, 'font');INSERT INTO tag (id, label)
     VALUES (350, 'devoxxfr');INSERT INTO tag (id, label)
     VALUES (396, 'ui');INSERT INTO tag (id, label)
     VALUES (320, 'twitter');INSERT INTO tag (id, label)
     VALUES (13, 'scala');INSERT INTO tag (id, label)
     VALUES (15, 'java8');INSERT INTO tag (id, label)
     VALUES (354, 'ossbrowser');INSERT INTO tag (id, label)
     VALUES (385, 'quality');INSERT INTO tag (id, label)
     VALUES (416, 'sysadmin');INSERT INTO tag (id, label)
     VALUES (417, 'linux');INSERT INTO tag (id, label)
     VALUES (420, 'sf');INSERT INTO tag (id, label)
     VALUES (59, 'javascript');INSERT INTO tag (id, label)
     VALUES (169, 'java');INSERT INTO tag (id, label)
     VALUES (456, 'ebooks');INSERT INTO tag (id, label)
     VALUES (439, 'canada');INSERT INTO tag (id, label)
     VALUES (462, 'indep');








INSERT INTO link_tag (tags_id, links_id)
     VALUES (103, 102);INSERT INTO link_tag (tags_id, links_id)
     VALUES (68, 104);INSERT INTO link_tag (tags_id, links_id)
     VALUES (105, 104);INSERT INTO link_tag (tags_id, links_id)
     VALUES (59, 106);INSERT INTO link_tag (tags_id, links_id)
     VALUES (40, 109);INSERT INTO link_tag (tags_id, links_id)
     VALUES (40, 110);INSERT INTO link_tag (tags_id, links_id)
     VALUES (59, 111);INSERT INTO link_tag (tags_id, links_id)
     VALUES (97, 112);INSERT INTO link_tag (tags_id, links_id)
     VALUES (114, 113);INSERT INTO link_tag (tags_id, links_id)
     VALUES (59, 115);INSERT INTO link_tag (tags_id, links_id)
     VALUES (44, 116);INSERT INTO link_tag (tags_id, links_id)
     VALUES (61, 117);INSERT INTO link_tag (tags_id, links_id)
     VALUES (40, 118);INSERT INTO link_tag (tags_id, links_id)
     VALUES (120, 119);INSERT INTO link_tag (tags_id, links_id)
     VALUES (121, 119);INSERT INTO link_tag (tags_id, links_id)
     VALUES (123, 122);INSERT INTO link_tag (tags_id, links_id)
     VALUES (36, 124);INSERT INTO link_tag (tags_id, links_id)
     VALUES (59, 125);INSERT INTO link_tag (tags_id, links_id)
     VALUES (68, 125);INSERT INTO link_tag (tags_id, links_id)
     VALUES (127, 126);INSERT INTO link_tag (tags_id, links_id)
     VALUES (129, 128);INSERT INTO link_tag (tags_id, links_id)
     VALUES (127, 130);INSERT INTO link_tag (tags_id, links_id)
     VALUES (127, 131);INSERT INTO link_tag (tags_id, links_id)
     VALUES (127, 132);INSERT INTO link_tag (tags_id, links_id)
     VALUES (90, 134);INSERT INTO link_tag (tags_id, links_id)
     VALUES (135, 134);INSERT INTO link_tag (tags_id, links_id)
     VALUES (61, 134);INSERT INTO link_tag (tags_id, links_id)
     VALUES (137, 136);INSERT INTO link_tag (tags_id, links_id)
     VALUES (63, 138);INSERT INTO link_tag (tags_id, links_id)
     VALUES (13, 139);INSERT INTO link_tag (tags_id, links_id)
     VALUES (137, 139);INSERT INTO link_tag (tags_id, links_id)
     VALUES (141, 140);INSERT INTO link_tag (tags_id, links_id)
     VALUES (59, 142);INSERT INTO link_tag (tags_id, links_id)
     VALUES (144, 143);INSERT INTO link_tag (tags_id, links_id)
     VALUES (68, 143);INSERT INTO link_tag (tags_id, links_id)
     VALUES (40, 143);INSERT INTO link_tag (tags_id, links_id)
     VALUES (68, 145);INSERT INTO link_tag (tags_id, links_id)
     VALUES (59, 145);INSERT INTO link_tag (tags_id, links_id)
     VALUES (36, 146);INSERT INTO link_tag (tags_id, links_id)
     VALUES (59, 147);INSERT INTO link_tag (tags_id, links_id)
     VALUES (13, 148);INSERT INTO link_tag (tags_id, links_id)
     VALUES (13, 149);INSERT INTO link_tag (tags_id, links_id)
     VALUES (13, 150);INSERT INTO link_tag (tags_id, links_id)
     VALUES (13, 151);INSERT INTO link_tag (tags_id, links_id)
     VALUES (13, 152);INSERT INTO link_tag (tags_id, links_id)
     VALUES (13, 153);INSERT INTO link_tag (tags_id, links_id)
     VALUES (36, 154);INSERT INTO link_tag (tags_id, links_id)
     VALUES (13, 154);INSERT INTO link_tag (tags_id, links_id)
     VALUES (59, 155);INSERT INTO link_tag (tags_id, links_id)
     VALUES (40, 156);INSERT INTO link_tag (tags_id, links_id)
     VALUES (13, 158);INSERT INTO link_tag (tags_id, links_id)
     VALUES (13, 159);INSERT INTO link_tag (tags_id, links_id)
     VALUES (13, 160);INSERT INTO link_tag (tags_id, links_id)
     VALUES (13, 161);INSERT INTO link_tag (tags_id, links_id)
     VALUES (32, 162);INSERT INTO link_tag (tags_id, links_id)
     VALUES (59, 163);INSERT INTO link_tag (tags_id, links_id)
     VALUES (144, 164);INSERT INTO link_tag (tags_id, links_id)
     VALUES (166, 165);INSERT INTO link_tag (tags_id, links_id)
     VALUES (13, 167);INSERT INTO link_tag (tags_id, links_id)
     VALUES (169, 168);INSERT INTO link_tag (tags_id, links_id)
     VALUES (170, 168);INSERT INTO link_tag (tags_id, links_id)
     VALUES (40, 171);INSERT INTO link_tag (tags_id, links_id)
     VALUES (68, 172);INSERT INTO link_tag (tags_id, links_id)
     VALUES (59, 173);INSERT INTO link_tag (tags_id, links_id)
     VALUES (40, 174);INSERT INTO link_tag (tags_id, links_id)
     VALUES (176, 175);INSERT INTO link_tag (tags_id, links_id)
     VALUES (13, 177);INSERT INTO link_tag (tags_id, links_id)
     VALUES (68, 178);INSERT INTO link_tag (tags_id, links_id)
     VALUES (144, 179);INSERT INTO link_tag (tags_id, links_id)
     VALUES (181, 180);INSERT INTO link_tag (tags_id, links_id)
     VALUES (183, 182);INSERT INTO link_tag (tags_id, links_id)
     VALUES (61, 184);INSERT INTO link_tag (tags_id, links_id)
     VALUES (185, 184);INSERT INTO link_tag (tags_id, links_id)
     VALUES (13, 186);INSERT INTO link_tag (tags_id, links_id)
     VALUES (13, 187);INSERT INTO link_tag (tags_id, links_id)
     VALUES (61, 188);INSERT INTO link_tag (tags_id, links_id)
     VALUES (13, 189);INSERT INTO link_tag (tags_id, links_id)
     VALUES (192, 191);INSERT INTO link_tag (tags_id, links_id)
     VALUES (193, 191);INSERT INTO link_tag (tags_id, links_id)
     VALUES (36, 191);INSERT INTO link_tag (tags_id, links_id)
     VALUES (193, 194);INSERT INTO link_tag (tags_id, links_id)
     VALUES (13, 197);INSERT INTO link_tag (tags_id, links_id)
     VALUES (129, 199);INSERT INTO link_tag (tags_id, links_id)
     VALUES (129, 200);INSERT INTO link_tag (tags_id, links_id)
     VALUES (123, 200);INSERT INTO link_tag (tags_id, links_id)
     VALUES (59, 201);INSERT INTO link_tag (tags_id, links_id)
     VALUES (40, 202);INSERT INTO link_tag (tags_id, links_id)
     VALUES (123, 203);INSERT INTO link_tag (tags_id, links_id)
     VALUES (129, 204);INSERT INTO link_tag (tags_id, links_id)
     VALUES (205, 204);INSERT INTO link_tag (tags_id, links_id)
     VALUES (121, 206);INSERT INTO link_tag (tags_id, links_id)
     VALUES (196, 207);INSERT INTO link_tag (tags_id, links_id)
     VALUES (209, 208);INSERT INTO link_tag (tags_id, links_id)
     VALUES (144, 212);INSERT INTO link_tag (tags_id, links_id)
     VALUES (40, 213);INSERT INTO link_tag (tags_id, links_id)
     VALUES (59, 215);INSERT INTO link_tag (tags_id, links_id)
     VALUES (144, 216);INSERT INTO link_tag (tags_id, links_id)
     VALUES (105, 217);INSERT INTO link_tag (tags_id, links_id)
     VALUES (222, 221);INSERT INTO link_tag (tags_id, links_id)
     VALUES (59, 221);INSERT INTO link_tag (tags_id, links_id)
     VALUES (59, 223);INSERT INTO link_tag (tags_id, links_id)
     VALUES (68, 223);INSERT INTO link_tag (tags_id, links_id)
     VALUES (61, 224);INSERT INTO link_tag (tags_id, links_id)
     VALUES (135, 224);INSERT INTO link_tag (tags_id, links_id)
     VALUES (40, 225);INSERT INTO link_tag (tags_id, links_id)
     VALUES (40, 226);INSERT INTO link_tag (tags_id, links_id)
     VALUES (44, 227);INSERT INTO link_tag (tags_id, links_id)
     VALUES (59, 228);INSERT INTO link_tag (tags_id, links_id)
     VALUES (59, 230);INSERT INTO link_tag (tags_id, links_id)
     VALUES (13, 231);INSERT INTO link_tag (tags_id, links_id)
     VALUES (36, 231);INSERT INTO link_tag (tags_id, links_id)
     VALUES (233, 232);INSERT INTO link_tag (tags_id, links_id)
     VALUES (129, 234);INSERT INTO link_tag (tags_id, links_id)
     VALUES (40, 236);INSERT INTO link_tag (tags_id, links_id)
     VALUES (129, 239);INSERT INTO link_tag (tags_id, links_id)
     VALUES (240, 239);INSERT INTO link_tag (tags_id, links_id)
     VALUES (193, 243);INSERT INTO link_tag (tags_id, links_id)
     VALUES (13, 244);INSERT INTO link_tag (tags_id, links_id)
     VALUES (13, 245);INSERT INTO link_tag (tags_id, links_id)
     VALUES (13, 246);INSERT INTO link_tag (tags_id, links_id)
     VALUES (13, 247);INSERT INTO link_tag (tags_id, links_id)
     VALUES (13, 248);INSERT INTO link_tag (tags_id, links_id)
     VALUES (13, 249);INSERT INTO link_tag (tags_id, links_id)
     VALUES (17, 249);INSERT INTO link_tag (tags_id, links_id)
     VALUES (36, 250);INSERT INTO link_tag (tags_id, links_id)
     VALUES (13, 250);INSERT INTO link_tag (tags_id, links_id)
     VALUES (222, 251);INSERT INTO link_tag (tags_id, links_id)
     VALUES (99, 251);INSERT INTO link_tag (tags_id, links_id)
     VALUES (44, 259);INSERT INTO link_tag (tags_id, links_id)
     VALUES (193, 258);INSERT INTO link_tag (tags_id, links_id)
     VALUES (61, 270);INSERT INTO link_tag (tags_id, links_id)
     VALUES (129, 270);INSERT INTO link_tag (tags_id, links_id)
     VALUES (271, 270);INSERT INTO link_tag (tags_id, links_id)
     VALUES (280, 279);INSERT INTO link_tag (tags_id, links_id)
     VALUES (169, 284);INSERT INTO link_tag (tags_id, links_id)
     VALUES (222, 284);INSERT INTO link_tag (tags_id, links_id)
     VALUES (123, 285);INSERT INTO link_tag (tags_id, links_id)
     VALUES (287, 286);INSERT INTO link_tag (tags_id, links_id)
     VALUES (123, 291);INSERT INTO link_tag (tags_id, links_id)
     VALUES (287, 296);INSERT INTO link_tag (tags_id, links_id)
     VALUES (169, 296);INSERT INTO link_tag (tags_id, links_id)
     VALUES (40, 301);INSERT INTO link_tag (tags_id, links_id)
     VALUES (68, 301);INSERT INTO link_tag (tags_id, links_id)
     VALUES (240, 302);INSERT INTO link_tag (tags_id, links_id)
     VALUES (59, 302);INSERT INTO link_tag (tags_id, links_id)
     VALUES (40, 302);INSERT INTO link_tag (tags_id, links_id)
     VALUES (317, 316);INSERT INTO link_tag (tags_id, links_id)
     VALUES (320, 319);INSERT INTO link_tag (tags_id, links_id)
     VALUES (325, 324);INSERT INTO link_tag (tags_id, links_id)
     VALUES (326, 324);INSERT INTO link_tag (tags_id, links_id)
     VALUES (325, 322);INSERT INTO link_tag (tags_id, links_id)
     VALUES (326, 322);INSERT INTO link_tag (tags_id, links_id)
     VALUES (329, 318);INSERT INTO link_tag (tags_id, links_id)
     VALUES (44, 307);INSERT INTO link_tag (tags_id, links_id)
     VALUES (330, 306);INSERT INTO link_tag (tags_id, links_id)
     VALUES (331, 306);INSERT INTO link_tag (tags_id, links_id)
     VALUES (169, 306);INSERT INTO link_tag (tags_id, links_id)
     VALUES (59, 305);INSERT INTO link_tag (tags_id, links_id)
     VALUES (332, 305);INSERT INTO link_tag (tags_id, links_id)
     VALUES (123, 334);INSERT INTO link_tag (tags_id, links_id)
     VALUES (350, 349);INSERT INTO link_tag (tags_id, links_id)
     VALUES (320, 342);INSERT INTO link_tag (tags_id, links_id)
     VALUES (320, 341);INSERT INTO link_tag (tags_id, links_id)
     VALUES (13, 315);INSERT INTO link_tag (tags_id, links_id)
     VALUES (15, 346);INSERT INTO link_tag (tags_id, links_id)
     VALUES (355, 239);INSERT INTO link_tag (tags_id, links_id)
     VALUES (233, 18);INSERT INTO link_tag (tags_id, links_id)
     VALUES (326, 207);INSERT INTO link_tag (tags_id, links_id)
     VALUES (63, 351);INSERT INTO link_tag (tags_id, links_id)
     VALUES (360, 359);INSERT INTO link_tag (tags_id, links_id)
     VALUES (364, 363);INSERT INTO link_tag (tags_id, links_id)
     VALUES (59, 366);INSERT INTO link_tag (tags_id, links_id)
     VALUES (370, 369);INSERT INTO link_tag (tags_id, links_id)
     VALUES (59, 371);INSERT INTO link_tag (tags_id, links_id)
     VALUES (373, 372);INSERT INTO link_tag (tags_id, links_id)
     VALUES (376, 375);INSERT INTO link_tag (tags_id, links_id)
     VALUES (44, 375);INSERT INTO link_tag (tags_id, links_id)
     VALUES (169, 372);INSERT INTO link_tag (tags_id, links_id)
     VALUES (378, 377);INSERT INTO link_tag (tags_id, links_id)
     VALUES (144, 379);INSERT INTO link_tag (tags_id, links_id)
     VALUES (380, 379);INSERT INTO link_tag (tags_id, links_id)
     VALUES (383, 382);INSERT INTO link_tag (tags_id, links_id)
     VALUES (385, 382);INSERT INTO link_tag (tags_id, links_id)
     VALUES (386, 382);INSERT INTO link_tag (tags_id, links_id)
     VALUES (25, 390);INSERT INTO link_tag (tags_id, links_id)
     VALUES (59, 390);INSERT INTO link_tag (tags_id, links_id)
     VALUES (394, 393);INSERT INTO link_tag (tags_id, links_id)
     VALUES (396, 395);INSERT INTO link_tag (tags_id, links_id)
     VALUES (169, 397);INSERT INTO link_tag (tags_id, links_id)
     VALUES (385, 397);INSERT INTO link_tag (tags_id, links_id)
     VALUES (416, 415);INSERT INTO link_tag (tags_id, links_id)
     VALUES (417, 415);INSERT INTO link_tag (tags_id, links_id)
     VALUES (420, 369);INSERT INTO link_tag (tags_id, links_id)
     VALUES (59, 425);INSERT INTO link_tag (tags_id, links_id)
     VALUES (439, 435);INSERT INTO link_tag (tags_id, links_id)
     VALUES (456, 455);INSERT INTO link_tag (tags_id, links_id)
     VALUES (169, 455);INSERT INTO link_tag (tags_id, links_id)
     VALUES (439, 437);INSERT INTO link_tag (tags_id, links_id)
     VALUES (462, 358);INSERT INTO link_tag (tags_id, links_id)
     VALUES (477, 476);INSERT INTO link_tag (tags_id, links_id)
     VALUES (477, 475);INSERT INTO link_tag (tags_id, links_id)
     VALUES (13, 12);INSERT INTO link_tag (tags_id, links_id)
     VALUES (15, 14);INSERT INTO link_tag (tags_id, links_id)
     VALUES (13, 16);INSERT INTO link_tag (tags_id, links_id)
     VALUES (17, 16);INSERT INTO link_tag (tags_id, links_id)
     VALUES (21, 20);INSERT INTO link_tag (tags_id, links_id)
     VALUES (23, 22);INSERT INTO link_tag (tags_id, links_id)
     VALUES (25, 24);INSERT INTO link_tag (tags_id, links_id)
     VALUES (26, 24);INSERT INTO link_tag (tags_id, links_id)
     VALUES (27, 24);INSERT INTO link_tag (tags_id, links_id)
     VALUES (30, 29);INSERT INTO link_tag (tags_id, links_id)
     VALUES (27, 31);INSERT INTO link_tag (tags_id, links_id)
     VALUES (32, 31);INSERT INTO link_tag (tags_id, links_id)
     VALUES (38, 37);INSERT INTO link_tag (tags_id, links_id)
     VALUES (13, 42);INSERT INTO link_tag (tags_id, links_id)
     VALUES (36, 42);INSERT INTO link_tag (tags_id, links_id)
     VALUES (44, 45);INSERT INTO link_tag (tags_id, links_id)
     VALUES (13, 46);INSERT INTO link_tag (tags_id, links_id)
     VALUES (19, 48);INSERT INTO link_tag (tags_id, links_id)
     VALUES (13, 49);INSERT INTO link_tag (tags_id, links_id)
     VALUES (51, 50);INSERT INTO link_tag (tags_id, links_id)
     VALUES (54, 53);INSERT INTO link_tag (tags_id, links_id)
     VALUES (23, 57);INSERT INTO link_tag (tags_id, links_id)
     VALUES (59, 58);INSERT INTO link_tag (tags_id, links_id)
     VALUES (61, 60);INSERT INTO link_tag (tags_id, links_id)
     VALUES (63, 62);INSERT INTO link_tag (tags_id, links_id)
     VALUES (63, 64);INSERT INTO link_tag (tags_id, links_id)
     VALUES (54, 65);INSERT INTO link_tag (tags_id, links_id)
     VALUES (40, 66);INSERT INTO link_tag (tags_id, links_id)
     VALUES (68, 67);INSERT INTO link_tag (tags_id, links_id)
     VALUES (70, 69);INSERT INTO link_tag (tags_id, links_id)
     VALUES (40, 69);INSERT INTO link_tag (tags_id, links_id)
     VALUES (68, 71);INSERT INTO link_tag (tags_id, links_id)
     VALUES (40, 72);INSERT INTO link_tag (tags_id, links_id)
     VALUES (74, 73);INSERT INTO link_tag (tags_id, links_id)
     VALUES (74, 75);INSERT INTO link_tag (tags_id, links_id)
     VALUES (40, 76);INSERT INTO link_tag (tags_id, links_id)
     VALUES (44, 77);INSERT INTO link_tag (tags_id, links_id)
     VALUES (78, 77);INSERT INTO link_tag (tags_id, links_id)
     VALUES (82, 81);INSERT INTO link_tag (tags_id, links_id)
     VALUES (84, 83);INSERT INTO link_tag (tags_id, links_id)
     VALUES (85, 83);INSERT INTO link_tag (tags_id, links_id)
     VALUES (44, 86);INSERT INTO link_tag (tags_id, links_id)
     VALUES (87, 86);INSERT INTO link_tag (tags_id, links_id)
     VALUES (59, 88);INSERT INTO link_tag (tags_id, links_id)
     VALUES (90, 89);INSERT INTO link_tag (tags_id, links_id)
     VALUES (61, 89);INSERT INTO link_tag (tags_id, links_id)
     VALUES (61, 91);INSERT INTO link_tag (tags_id, links_id)
     VALUES (93, 92);INSERT INTO link_tag (tags_id, links_id)
     VALUES (94, 92);INSERT INTO link_tag (tags_id, links_id)
     VALUES (59, 95);INSERT INTO link_tag (tags_id, links_id)
     VALUES (23, 96);INSERT INTO link_tag (tags_id, links_id)
     VALUES (97, 96);INSERT INTO link_tag (tags_id, links_id)
     VALUES (99, 98);INSERT INTO link_tag (tags_id, links_id)
     VALUES (13, 98);INSERT INTO link_tag (tags_id, links_id)
     VALUES (101, 100);
